#
# There is insufficient memory for the Java Runtime Environment to continue.
# Native memory allocation (mmap) failed to map 134217728 bytes. Error detail: G1 virtual space
# Possible reasons:
#   The system is out of physical RAM or swap space
#   This process is running with CompressedOops enabled, and the Java Heap may be blocking the growth of the native heap
# Possible solutions:
#   Reduce memory load on the system
#   Increase physical memory or swap space
#   Check if swap backing store is full
#   Decrease Java heap size (-Xmx/-Xms)
#   Decrease number of Java threads
#   Decrease Java thread stack sizes (-Xss)
#   Set larger code cache with -XX:ReservedCodeCacheSize=
#   JVM is running with Zero Based Compressed Oops mode in which the Java heap is
#     placed in the first 32GB address space. The Java Heap base address is the
#     maximum limit for the native heap growth. Please use -XX:HeapBaseMinAddress
#     to set the Java Heap base and to place the Java Heap above 32GB virtual address.
# This output file may be truncated or incomplete.
#
#  Out of Memory Error (os_windows.cpp:3716), pid=21212, tid=14968
#
# JRE version: OpenJDK Runtime Environment Microsoft-12574459 (21.0.9+10) (build 21.0.9+10-LTS)
# Java VM: OpenJDK 64-Bit Server VM Microsoft-12574459 (21.0.9+10-LTS, mixed mode, sharing, tiered, compressed oops, compressed class ptrs, g1 gc, windows-amd64)
# No core dump will be written. Minidumps are not enabled by default on client versions of Windows
#

---------------  S U M M A R Y ------------

Command Line: -Dfabric.dli.config=C:\Users\Jun\IdeaProjects\Corruption\.gradle\loom-cache\launch.cfg -Dfabric.dli.env=client -Dfabric.dli.main=net.fabricmc.loader.impl.launch.knot.KnotClient -Dfile.encoding=UTF-8 -Duser.country=KR -Duser.language=ko -Duser.variant net.fabricmc.devlaunchinjector.Main

Host: AMD Ryzen 5 7600X 6-Core Processor             , 12 cores, 31G,  Windows 10 , 64 bit Build 19041 (10.0.19041.5915)
Time: Sat Mar 14 19:47:55 2026 elapsed time: 14.412154 seconds (0d 0h 0m 14s)

---------------  T H R E A D  ---------------

Current thread (0x00000268bee6e6b0):  VMThread "VM Thread"          [id=14968, stack(0x00000083deb00000,0x00000083dec00000) (1024K)]

Stack: [0x00000083deb00000,0x00000083dec00000]
Native frames: (J=compiled Java code, j=interpreted, Vv=VM code, C=native code)
V  [jvm.dll+0x6df259]  (no source info available)
V  [jvm.dll+0x8bfe4b]  (no source info available)
V  [jvm.dll+0x8c23da]  (no source info available)
V  [jvm.dll+0x8c2ab3]  (no source info available)
V  [jvm.dll+0x28a416]  (no source info available)
V  [jvm.dll+0x6de705]  (no source info available)
V  [jvm.dll+0x6d264a]  (no source info available)
V  [jvm.dll+0x36742e]  (no source info available)
V  [jvm.dll+0x36f2fb]  (no source info available)
V  [jvm.dll+0x3c0c99]  (no source info available)
V  [jvm.dll+0x3c0f3b]  (no source info available)
V  [jvm.dll+0x33ace7]  (no source info available)
V  [jvm.dll+0x33ad77]  (no source info available)
V  [jvm.dll+0x37fb6c]  (no source info available)
V  [jvm.dll+0x37e34e]  (no source info available)
V  [jvm.dll+0x33a441]  (no source info available)
V  [jvm.dll+0x37d9ba]  (no source info available)
V  [jvm.dll+0x8c881f]  (no source info available)
V  [jvm.dll+0x8c9d2c]  (no source info available)
V  [jvm.dll+0x8ca2a4]  (no source info available)
V  [jvm.dll+0x8ca3a3]  (no source info available)
V  [jvm.dll+0x869f7d]  (no source info available)
V  [jvm.dll+0x6e080d]  (no source info available)
C  [ucrtbase.dll+0x21bb2]  (no source info available)
C  [KERNEL32.DLL+0x17374]  (no source info available)
C  [ntdll.dll+0x4cc91]  (no source info available)

VM_Operation (0x00000083e1afc060): G1CollectForAllocation, mode: safepoint, requested by thread 0x000002690ab10680


---------------  P R O C E S S  ---------------

Threads class SMR info:
_java_thread_list=0x000002690888d550, length=34, elements={
0x000002689b26ed80, 0x00000268bee82940, 0x00000268bf71a900, 0x00000268bf71c800,
0x00000268bf720f70, 0x00000268bf7216c0, 0x00000268bf721e10, 0x00000268bf722ea0,
0x00000268bf723630, 0x00000268bf8ff150, 0x00000268bf908f20, 0x000002690a86b0f0,
0x0000026907eb0080, 0x000002690ab12de0, 0x000002690ab0d200, 0x000002690ab0d890,
0x000002690ab0c4e0, 0x000002690ab13470, 0x000002690ab0f2d0, 0x000002690ab10680,
0x0000026907eb0750, 0x000002690ab10d10, 0x000002690e597990, 0x000002690e59ae10,
0x000002690e59b4a0, 0x000002690e594ba0, 0x000002690e59a780, 0x000002690e599a60,
0x000002690e598020, 0x000002690e59bb30, 0x000002690e5993d0, 0x000002690e596c70,
0x000002690e595f50, 0x000002690e5965e0
}

Java Threads: ( => current thread )
  0x000002689b26ed80 JavaThread "Render thread"                     [_thread_blocked, id=20120, stack(0x00000083de400000,0x00000083de500000) (1024K)]
  0x00000268bee82940 JavaThread "Reference Handler"          daemon [_thread_blocked, id=21688, stack(0x00000083dec00000,0x00000083ded00000) (1024K)]
  0x00000268bf71a900 JavaThread "Finalizer"                  daemon [_thread_blocked, id=3048, stack(0x00000083ded00000,0x00000083dee00000) (1024K)]
  0x00000268bf71c800 JavaThread "Signal Dispatcher"          daemon [_thread_blocked, id=23348, stack(0x00000083dee00000,0x00000083def00000) (1024K)]
  0x00000268bf720f70 JavaThread "Attach Listener"            daemon [_thread_blocked, id=17648, stack(0x00000083def00000,0x00000083df000000) (1024K)]
  0x00000268bf7216c0 JavaThread "Service Thread"             daemon [_thread_blocked, id=18048, stack(0x00000083df000000,0x00000083df100000) (1024K)]
  0x00000268bf721e10 JavaThread "Monitor Deflation Thread"   daemon [_thread_blocked, id=22176, stack(0x00000083df100000,0x00000083df200000) (1024K)]
  0x00000268bf722ea0 JavaThread "C2 CompilerThread0"         daemon [_thread_in_native, id=920, stack(0x00000083df200000,0x00000083df300000) (1024K)]
  0x00000268bf723630 JavaThread "C1 CompilerThread0"         daemon [_thread_blocked, id=3872, stack(0x00000083df300000,0x00000083df400000) (1024K)]
  0x00000268bf8ff150 JavaThread "Notification Thread"        daemon [_thread_blocked, id=7536, stack(0x00000083df400000,0x00000083df500000) (1024K)]
  0x00000268bf908f20 JavaThread "Common-Cleaner"             daemon [_thread_blocked, id=22892, stack(0x00000083df500000,0x00000083df600000) (1024K)]
  0x000002690a86b0f0 JavaThread "JNA Cleaner"                daemon [_thread_blocked, id=12432, stack(0x00000083e0400000,0x00000083e0500000) (1024K)]
  0x0000026907eb0080 JavaThread "C2 CompilerThread1"         daemon [_thread_blocked, id=1664, stack(0x00000083df600000,0x00000083df700000) (1024K)]
  0x000002690ab12de0 JavaThread "Timer hack thread"          daemon [_thread_blocked, id=14536, stack(0x00000083e0700000,0x00000083e0800000) (1024K)]
  0x000002690ab0d200 JavaThread "Yggdrasil Key Fetcher"      daemon [_thread_blocked, id=22992, stack(0x00000083e0800000,0x00000083e0900000) (1024K)]
  0x000002690ab0d890 JavaThread "Download-1"                 daemon [_thread_blocked, id=8852, stack(0x00000083e0900000,0x00000083e0a00000) (1024K)]
  0x000002690ab0c4e0 JavaThread "Download-2"                 daemon [_thread_blocked, id=21988, stack(0x00000083e0a00000,0x00000083e0b00000) (1024K)]
  0x000002690ab13470 JavaThread "Keep-Alive-Timer"           daemon [_thread_blocked, id=5912, stack(0x00000083e0c00000,0x00000083e0d00000) (1024K)]
  0x000002690ab0f2d0 JavaThread "Sound engine"               daemon [_thread_blocked, id=8488, stack(0x00000083e0000000,0x00000083e0100000) (1024K)]
  0x000002690ab10680 JavaThread "Worker-Main-1"              daemon [_thread_blocked, id=13064, stack(0x00000083e1a00000,0x00000083e1b00000) (1024K)]
  0x0000026907eb0750 JavaThread "C2 CompilerThread2"         daemon [_thread_in_native, id=13548, stack(0x00000083e1b00000,0x00000083e1c00000) (1024K)]
  0x000002690ab10d10 JavaThread "Worker-Main-2"              daemon [_thread_blocked, id=23300, stack(0x00000083e1c00000,0x00000083e1d00000) (1024K)]
  0x000002690e597990 JavaThread "Worker-Main-3"              daemon [_thread_blocked, id=23120, stack(0x00000083e1d00000,0x00000083e1e00000) (1024K)]
  0x000002690e59ae10 JavaThread "Worker-Main-4"              daemon [_thread_blocked, id=23656, stack(0x00000083e1e00000,0x00000083e1f00000) (1024K)]
  0x000002690e59b4a0 JavaThread "Worker-Main-5"              daemon [_thread_blocked, id=22976, stack(0x00000083e1f00000,0x00000083e2000000) (1024K)]
  0x000002690e594ba0 JavaThread "Worker-Main-6"              daemon [_thread_blocked, id=8640, stack(0x00000083e2000000,0x00000083e2100000) (1024K)]
  0x000002690e59a780 JavaThread "Worker-Main-7"              daemon [_thread_blocked, id=7932, stack(0x00000083e2100000,0x00000083e2200000) (1024K)]
  0x000002690e599a60 JavaThread "Worker-Main-8"              daemon [_thread_blocked, id=21368, stack(0x00000083e2200000,0x00000083e2300000) (1024K)]
  0x000002690e598020 JavaThread "Worker-Main-9"              daemon [_thread_blocked, id=24456, stack(0x00000083e2300000,0x00000083e2400000) (1024K)]
  0x000002690e59bb30 JavaThread "Worker-Main-10"             daemon [_thread_blocked, id=22928, stack(0x00000083e2400000,0x00000083e2500000) (1024K)]
  0x000002690e5993d0 JavaThread "Worker-Main-11"             daemon [_thread_blocked, id=13268, stack(0x00000083e2500000,0x00000083e2600000) (1024K)]
  0x000002690e596c70 JavaThread "IO-Worker-1"                       [_thread_blocked, id=5924, stack(0x00000083e2600000,0x00000083e2700000) (1024K)]
  0x000002690e595f50 JavaThread "ForkJoinPool.commonPool-worker-1" daemon [_thread_blocked, id=5316, stack(0x00000083e2700000,0x00000083e2800000) (1024K)]
  0x000002690e5965e0 JavaThread "ForkJoinPool.commonPool-worker-2" daemon [_thread_blocked, id=2464, stack(0x00000083e2800000,0x00000083e2900000) (1024K)]
Total: 34

Other Threads:
=>0x00000268bee6e6b0 VMThread "VM Thread"                           [id=14968, stack(0x00000083deb00000,0x00000083dec00000) (1024K)]
  0x00000268bee5b140 WatcherThread "VM Periodic Task Thread"        [id=10656, stack(0x00000083dea00000,0x00000083deb00000) (1024K)]
  0x000002689b315240 WorkerThread "GC Thread#0"                     [id=2724, stack(0x00000083de500000,0x00000083de600000) (1024K)]
  0x0000026906159bf0 WorkerThread "GC Thread#1"                     [id=4124, stack(0x00000083df700000,0x00000083df800000) (1024K)]
  0x0000026905ff0b00 WorkerThread "GC Thread#2"                     [id=4840, stack(0x00000083df800000,0x00000083df900000) (1024K)]
  0x0000026905ff15e0 WorkerThread "GC Thread#3"                     [id=13104, stack(0x00000083df900000,0x00000083dfa00000) (1024K)]
  0x0000026905ff0020 WorkerThread "GC Thread#4"                     [id=23828, stack(0x00000083dfa00000,0x00000083dfb00000) (1024K)]
  0x0000026905ff1980 WorkerThread "GC Thread#5"                     [id=24020, stack(0x00000083dfb00000,0x00000083dfc00000) (1024K)]
  0x0000026905ff0760 WorkerThread "GC Thread#6"                     [id=21876, stack(0x00000083dfc00000,0x00000083dfd00000) (1024K)]
  0x0000026905ff0ea0 WorkerThread "GC Thread#7"                     [id=21776, stack(0x00000083dfd00000,0x00000083dfe00000) (1024K)]
  0x0000026905ff1240 WorkerThread "GC Thread#8"                     [id=21788, stack(0x00000083dfe00000,0x00000083dff00000) (1024K)]
  0x0000026905ff03c0 WorkerThread "GC Thread#9"                     [id=23356, stack(0x00000083dff00000,0x00000083e0000000) (1024K)]
  0x000002689b325ca0 ConcurrentGCThread "G1 Main Marker"            [id=14264, stack(0x00000083de600000,0x00000083de700000) (1024K)]
  0x000002689b326f40 WorkerThread "G1 Conc#0"                       [id=21836, stack(0x00000083de700000,0x00000083de800000) (1024K)]
  0x00000269056bd4b0 WorkerThread "G1 Conc#1"                       [id=21920, stack(0x00000083e0100000,0x00000083e0200000) (1024K)]
  0x00000269056bd110 WorkerThread "G1 Conc#2"                       [id=6620, stack(0x00000083e0200000,0x00000083e0300000) (1024K)]
  0x00000268bed2a1b0 ConcurrentGCThread "G1 Refine#0"               [id=22584, stack(0x00000083de800000,0x00000083de900000) (1024K)]
  0x00000268bed2ad20 ConcurrentGCThread "G1 Service"                [id=13716, stack(0x00000083de900000,0x00000083dea00000) (1024K)]
Total: 18

Threads with active compile tasks:
C2 CompilerThread0  14427 13087   !   4       net.minecraft.client.render.model.BlockStatesLoader::method_61066 (114 bytes)
C1 CompilerThread0  14427 13290       2       net.minecraft.client.render.model.json.JsonUnbakedModel::resolveSprite (131 bytes)
C2 CompilerThread1  14427 11969       4       jdk.nio.zipfs.ZipDirectoryStream$1::next (5 bytes)
C2 CompilerThread2  14427 13084       4       net.minecraft.client.render.model.BlockStatesLoader$$Lambda/0x00000268c1ddec78::accept (28 bytes)
Total: 4

VM state: at safepoint (normal execution)

VM Mutex/Monitor currently owned by a thread:  ([mutex/lock_event])
[0x00007ffd971eb8b0] Threads_lock - owner thread: 0x00000268bee6e6b0
[0x00007ffd971eb9b0] Heap_lock - owner thread: 0x000002690ab10680

Heap address: 0x000000060e400000, size: 7964 MB, Compressed Oops mode: Zero based, Oop shift amount: 3

CDS archive(s) mapped at: [0x00000268c0000000-0x00000268c0c80000-0x00000268c0c80000), size 13107200, SharedBaseAddress: 0x00000268c0000000, ArchiveRelocationMode: 1.
Compressed class space mapped at: 0x00000268c1000000-0x0000026901000000, reserved size: 1073741824
Narrow klass base: 0x00000268c0000000, Narrow klass shift: 0, Narrow klass range: 0x100000000

GC Precious Log:
 CardTable entry size: 512
 Card Set container configuration: InlinePtr #cards 4 size 8 Array Of Cards #cards 32 size 80 Howl #buckets 8 coarsen threshold 7372 Howl Bitmap #cards 1024 size 144 coarsen threshold 921 Card regions per heap region 1 cards per card region 8192
 CPUs: 12 total, 12 available
 Memory: 31849M
 Large Page Support: Disabled
 NUMA Support: Disabled
 Compressed Oops: Enabled (Zero based)
 Heap Region Size: 4M
 Heap Min Capacity: 8M
 Heap Initial Capacity: 500M
 Heap Max Capacity: 7964M
 Pre-touch: Disabled
 Parallel Workers: 10
 Concurrent Workers: 3
 Concurrent Refinement Workers: 10
 Periodic GC: Disabled

Heap:
 garbage-first heap   total 413696K, used 250350K [0x000000060e400000, 0x0000000800000000)
  region size 4096K, 2 young (8192K), 2 survivors (8192K)
 Metaspace       used 92129K, committed 93248K, reserved 1179648K
  class space    used 13720K, committed 14208K, reserved 1048576K

Heap Regions: E=young(eden), S=young(survivor), O=old, HS=humongous(starts), HC=humongous(continues), CS=collection set, F=free, TAMS=top-at-mark-start, PB=parsable bottom
|   0|0x000000060e400000, 0x000000060e800000, 0x000000060e800000|100%| O|  |TAMS 0x000000060e800000| PB 0x000000060e400000| Untracked 
|   1|0x000000060e800000, 0x000000060ec00000, 0x000000060ec00000|100%| O|  |TAMS 0x000000060ec00000| PB 0x000000060e800000| Untracked 
|   2|0x000000060ec00000, 0x000000060f000000, 0x000000060f000000|100%| O|  |TAMS 0x000000060f000000| PB 0x000000060ec00000| Untracked 
|   3|0x000000060f000000, 0x000000060f400000, 0x000000060f400000|100%| O|  |TAMS 0x000000060f400000| PB 0x000000060f000000| Untracked 
|   4|0x000000060f400000, 0x000000060f800000, 0x000000060f800000|100%| O|  |TAMS 0x000000060f800000| PB 0x000000060f400000| Untracked 
|   5|0x000000060f800000, 0x000000060fc00000, 0x000000060fc00000|100%| O|  |TAMS 0x000000060fc00000| PB 0x000000060f800000| Untracked 
|   6|0x000000060fc00000, 0x0000000610000000, 0x0000000610000000|100%| O|  |TAMS 0x0000000610000000| PB 0x000000060fc00000| Untracked 
|   7|0x0000000610000000, 0x0000000610400000, 0x0000000610400000|100%| O|  |TAMS 0x0000000610400000| PB 0x0000000610000000| Untracked 
|   8|0x0000000610400000, 0x0000000610800000, 0x0000000610800000|100%| O|  |TAMS 0x0000000610800000| PB 0x0000000610400000| Untracked 
|   9|0x0000000610800000, 0x0000000610c00000, 0x0000000610c00000|100%| O|  |TAMS 0x0000000610c00000| PB 0x0000000610800000| Untracked 
|  10|0x0000000610c00000, 0x0000000611000000, 0x0000000611000000|100%| O|  |TAMS 0x0000000611000000| PB 0x0000000610c00000| Untracked 
|  11|0x0000000611000000, 0x0000000611400000, 0x0000000611400000|100%| O|  |TAMS 0x0000000611400000| PB 0x0000000611000000| Untracked 
|  12|0x0000000611400000, 0x0000000611800000, 0x0000000611800000|100%| O|  |TAMS 0x0000000611800000| PB 0x0000000611400000| Untracked 
|  13|0x0000000611800000, 0x0000000611c00000, 0x0000000611c00000|100%| O|  |TAMS 0x0000000611c00000| PB 0x0000000611800000| Untracked 
|  14|0x0000000611c00000, 0x0000000612000000, 0x0000000612000000|100%| O|  |TAMS 0x0000000612000000| PB 0x0000000611c00000| Untracked 
|  15|0x0000000612000000, 0x0000000612400000, 0x0000000612400000|100%| O|  |TAMS 0x0000000612400000| PB 0x0000000612000000| Untracked 
|  16|0x0000000612400000, 0x0000000612800000, 0x0000000612800000|100%| O|  |TAMS 0x0000000612800000| PB 0x0000000612400000| Untracked 
|  17|0x0000000612800000, 0x0000000612c00000, 0x0000000612c00000|100%| O|  |TAMS 0x0000000612c00000| PB 0x0000000612800000| Untracked 
|  18|0x0000000612c00000, 0x0000000613000000, 0x0000000613000000|100%|HS|  |TAMS 0x0000000613000000| PB 0x0000000612c00000| Complete 
|  19|0x0000000613000000, 0x0000000613400000, 0x0000000613400000|100%|HC|  |TAMS 0x0000000613400000| PB 0x0000000613000000| Complete 
|  20|0x0000000613400000, 0x0000000613800000, 0x0000000613800000|100%|HC|  |TAMS 0x0000000613800000| PB 0x0000000613400000| Complete 
|  21|0x0000000613800000, 0x0000000613c00000, 0x0000000613c00000|100%| O|  |TAMS 0x0000000613c00000| PB 0x0000000613800000| Untracked 
|  22|0x0000000613c00000, 0x0000000614000000, 0x0000000614000000|100%| O|  |TAMS 0x0000000614000000| PB 0x0000000613c00000| Untracked 
|  23|0x0000000614000000, 0x0000000614400000, 0x0000000614400000|100%| O|  |TAMS 0x0000000614400000| PB 0x0000000614000000| Untracked 
|  24|0x0000000614400000, 0x0000000614800000, 0x0000000614800000|100%| O|  |TAMS 0x0000000614800000| PB 0x0000000614400000| Untracked 
|  25|0x0000000614800000, 0x0000000614c00000, 0x0000000614c00000|100%| O|  |TAMS 0x0000000614c00000| PB 0x0000000614800000| Untracked 
|  26|0x0000000614c00000, 0x0000000615000000, 0x0000000615000000|100%| O|  |TAMS 0x0000000615000000| PB 0x0000000614c00000| Untracked 
|  27|0x0000000615000000, 0x0000000615400000, 0x0000000615400000|100%| O|  |TAMS 0x0000000615400000| PB 0x0000000615000000| Untracked 
|  28|0x0000000615400000, 0x0000000615800000, 0x0000000615800000|100%| O|  |TAMS 0x0000000615800000| PB 0x0000000615400000| Untracked 
|  29|0x0000000615800000, 0x0000000615c00000, 0x0000000615c00000|100%| O|  |TAMS 0x0000000615c00000| PB 0x0000000615800000| Untracked 
|  30|0x0000000615c00000, 0x0000000616000000, 0x0000000616000000|100%| O|  |TAMS 0x0000000616000000| PB 0x0000000615c00000| Untracked 
|  31|0x0000000616000000, 0x0000000616400000, 0x0000000616400000|100%| O|  |TAMS 0x0000000616400000| PB 0x0000000616000000| Untracked 
|  32|0x0000000616400000, 0x0000000616800000, 0x0000000616800000|100%| O|  |TAMS 0x0000000616800000| PB 0x0000000616400000| Untracked 
|  33|0x0000000616800000, 0x0000000616c00000, 0x0000000616c00000|100%| O|  |TAMS 0x0000000616c00000| PB 0x0000000616800000| Untracked 
|  34|0x0000000616c00000, 0x0000000617000000, 0x0000000617000000|100%| O|  |TAMS 0x0000000617000000| PB 0x0000000616c00000| Untracked 
|  35|0x0000000617000000, 0x0000000617400000, 0x0000000617400000|100%| O|  |TAMS 0x0000000617400000| PB 0x0000000617000000| Untracked 
|  36|0x0000000617400000, 0x0000000617800000, 0x0000000617800000|100%| O|  |TAMS 0x0000000617800000| PB 0x0000000617400000| Untracked 
|  37|0x0000000617800000, 0x0000000617c00000, 0x0000000617c00000|100%| O|  |TAMS 0x0000000617c00000| PB 0x0000000617800000| Untracked 
|  38|0x0000000617c00000, 0x0000000618000000, 0x0000000618000000|100%| O|  |TAMS 0x0000000618000000| PB 0x0000000617c00000| Untracked 
|  39|0x0000000618000000, 0x0000000618400000, 0x0000000618400000|100%| O|  |TAMS 0x0000000618400000| PB 0x0000000618000000| Untracked 
|  40|0x0000000618400000, 0x0000000618800000, 0x0000000618800000|100%| O|  |TAMS 0x0000000618800000| PB 0x0000000618400000| Untracked 
|  41|0x0000000618800000, 0x0000000618c00000, 0x0000000618c00000|100%| O|  |TAMS 0x0000000618800000| PB 0x0000000618800000| Untracked 
|  42|0x0000000618c00000, 0x0000000619000000, 0x0000000619000000|100%| O|  |TAMS 0x0000000619000000| PB 0x0000000618c00000| Untracked 
|  43|0x0000000619000000, 0x0000000619400000, 0x0000000619400000|100%| O|  |TAMS 0x0000000619400000| PB 0x0000000619000000| Untracked 
|  44|0x0000000619400000, 0x0000000619800000, 0x0000000619800000|100%| O|  |TAMS 0x0000000619800000| PB 0x0000000619400000| Untracked 
|  45|0x0000000619800000, 0x0000000619c00000, 0x0000000619c00000|100%| O|  |TAMS 0x0000000619c00000| PB 0x0000000619800000| Untracked 
|  46|0x0000000619c00000, 0x000000061a000000, 0x000000061a000000|100%| O|  |TAMS 0x000000061a000000| PB 0x0000000619c00000| Untracked 
|  47|0x000000061a000000, 0x000000061a400000, 0x000000061a400000|100%| O|  |TAMS 0x000000061a400000| PB 0x000000061a000000| Untracked 
|  48|0x000000061a400000, 0x000000061a800000, 0x000000061a800000|100%| O|  |TAMS 0x000000061a800000| PB 0x000000061a400000| Untracked 
|  49|0x000000061a800000, 0x000000061ac00000, 0x000000061ac00000|100%| O|  |TAMS 0x000000061ac00000| PB 0x000000061a800000| Untracked 
|  50|0x000000061ac00000, 0x000000061b000000, 0x000000061b000000|100%| O|  |TAMS 0x000000061b000000| PB 0x000000061ac00000| Untracked 
|  51|0x000000061b000000, 0x000000061b400000, 0x000000061b400000|100%| O|  |TAMS 0x000000061b400000| PB 0x000000061b000000| Untracked 
|  52|0x000000061b400000, 0x000000061b800000, 0x000000061b800000|100%| O|  |TAMS 0x000000061b800000| PB 0x000000061b400000| Untracked 
|  53|0x000000061b800000, 0x000000061bc00000, 0x000000061bc00000|100%| O|  |TAMS 0x000000061b800000| PB 0x000000061b800000| Untracked 
|  54|0x000000061bc00000, 0x000000061c000000, 0x000000061c000000|100%| O|  |TAMS 0x000000061c000000| PB 0x000000061bc00000| Untracked 
|  55|0x000000061c000000, 0x000000061c400000, 0x000000061c400000|100%| O|  |TAMS 0x000000061c400000| PB 0x000000061c000000| Untracked 
|  56|0x000000061c400000, 0x000000061c800000, 0x000000061c800000|100%| O|  |TAMS 0x000000061c65adf0| PB 0x000000061c400000| Untracked 
|  57|0x000000061c800000, 0x000000061c8e0500, 0x000000061cc00000| 21%| O|  |TAMS 0x000000061c800000| PB 0x000000061c800000| Untracked 
|  58|0x000000061cc00000, 0x000000061d000000, 0x000000061d000000|100%| O|  |TAMS 0x000000061d000000| PB 0x000000061cc00000| Untracked 
|  59|0x000000061d000000, 0x000000061d000000, 0x000000061d400000|  0%| F|  |TAMS 0x000000061d000000| PB 0x000000061d000000| Untracked 
|  60|0x000000061d400000, 0x000000061d400000, 0x000000061d800000|  0%| F|  |TAMS 0x000000061d400000| PB 0x000000061d400000| Untracked 
|  61|0x000000061d800000, 0x000000061db9b388, 0x000000061dc00000| 90%| S|CS|TAMS 0x000000061d800000| PB 0x000000061d800000| Complete 
|  62|0x000000061dc00000, 0x000000061dc00000, 0x000000061e000000|  0%| F|  |TAMS 0x000000061dc00000| PB 0x000000061dc00000| Untracked 
|  63|0x000000061e000000, 0x000000061e000000, 0x000000061e400000|  0%| F|  |TAMS 0x000000061e000000| PB 0x000000061e000000| Untracked 
|  64|0x000000061e400000, 0x000000061e800000, 0x000000061e800000|100%| S|CS|TAMS 0x000000061e400000| PB 0x000000061e400000| Complete 
|  65|0x000000061e800000, 0x000000061e800000, 0x000000061ec00000|  0%| F|  |TAMS 0x000000061e800000| PB 0x000000061e800000| Untracked 
|  66|0x000000061ec00000, 0x000000061ec00000, 0x000000061f000000|  0%| F|  |TAMS 0x000000061ec00000| PB 0x000000061ec00000| Untracked 
|  67|0x000000061f000000, 0x000000061f000000, 0x000000061f400000|  0%| F|  |TAMS 0x000000061f000000| PB 0x000000061f000000| Untracked 
|  68|0x000000061f400000, 0x000000061f400000, 0x000000061f800000|  0%| F|  |TAMS 0x000000061f400000| PB 0x000000061f400000| Untracked 
|  69|0x000000061f800000, 0x000000061f800000, 0x000000061fc00000|  0%| F|  |TAMS 0x000000061f800000| PB 0x000000061f800000| Untracked 
|  70|0x000000061fc00000, 0x000000061fc00000, 0x0000000620000000|  0%| F|  |TAMS 0x000000061fc00000| PB 0x000000061fc00000| Untracked 
|  71|0x0000000620000000, 0x0000000620000000, 0x0000000620400000|  0%| F|  |TAMS 0x0000000620000000| PB 0x0000000620000000| Untracked 
|  72|0x0000000620400000, 0x0000000620400000, 0x0000000620800000|  0%| F|  |TAMS 0x0000000620400000| PB 0x0000000620400000| Untracked 
|  73|0x0000000620800000, 0x0000000620800000, 0x0000000620c00000|  0%| F|  |TAMS 0x0000000620800000| PB 0x0000000620800000| Untracked 
|  74|0x0000000620c00000, 0x0000000620c00000, 0x0000000621000000|  0%| F|  |TAMS 0x0000000620c00000| PB 0x0000000620c00000| Untracked 
|  75|0x0000000621000000, 0x0000000621000000, 0x0000000621400000|  0%| F|  |TAMS 0x0000000621000000| PB 0x0000000621000000| Untracked 
|  76|0x0000000621400000, 0x0000000621400000, 0x0000000621800000|  0%| F|  |TAMS 0x0000000621400000| PB 0x0000000621400000| Untracked 
|  77|0x0000000621800000, 0x0000000621800000, 0x0000000621c00000|  0%| F|  |TAMS 0x0000000621800000| PB 0x0000000621800000| Untracked 
|  78|0x0000000621c00000, 0x0000000621c00000, 0x0000000622000000|  0%| F|  |TAMS 0x0000000621c00000| PB 0x0000000621c00000| Untracked 
|  79|0x0000000622000000, 0x0000000622000000, 0x0000000622400000|  0%| F|  |TAMS 0x0000000622000000| PB 0x0000000622000000| Untracked 
|  80|0x0000000622400000, 0x0000000622400000, 0x0000000622800000|  0%| F|  |TAMS 0x0000000622400000| PB 0x0000000622400000| Untracked 
|  81|0x0000000622800000, 0x0000000622800000, 0x0000000622c00000|  0%| F|  |TAMS 0x0000000622800000| PB 0x0000000622800000| Untracked 
|  82|0x0000000622c00000, 0x0000000622c00000, 0x0000000623000000|  0%| F|  |TAMS 0x0000000622c00000| PB 0x0000000622c00000| Untracked 
|  83|0x0000000623000000, 0x0000000623000000, 0x0000000623400000|  0%| F|  |TAMS 0x0000000623000000| PB 0x0000000623000000| Untracked 
|  84|0x0000000623400000, 0x0000000623400000, 0x0000000623800000|  0%| F|  |TAMS 0x0000000623400000| PB 0x0000000623400000| Untracked 
|  85|0x0000000623800000, 0x0000000623800000, 0x0000000623c00000|  0%| F|  |TAMS 0x0000000623800000| PB 0x0000000623800000| Untracked 
|  86|0x0000000623c00000, 0x0000000623c00000, 0x0000000624000000|  0%| F|  |TAMS 0x0000000623c00000| PB 0x0000000623c00000| Untracked 
|  87|0x0000000624000000, 0x0000000624000000, 0x0000000624400000|  0%| F|  |TAMS 0x0000000624000000| PB 0x0000000624000000| Untracked 
|  88|0x0000000624400000, 0x0000000624400000, 0x0000000624800000|  0%| F|  |TAMS 0x0000000624400000| PB 0x0000000624400000| Untracked 
|  89|0x0000000624800000, 0x0000000624800000, 0x0000000624c00000|  0%| F|  |TAMS 0x0000000624800000| PB 0x0000000624800000| Untracked 
|  90|0x0000000624c00000, 0x0000000624c00000, 0x0000000625000000|  0%| F|  |TAMS 0x0000000624c00000| PB 0x0000000624c00000| Untracked 
|  91|0x0000000625000000, 0x0000000625000000, 0x0000000625400000|  0%| F|  |TAMS 0x0000000625000000| PB 0x0000000625000000| Untracked 
|  92|0x0000000625400000, 0x0000000625400000, 0x0000000625800000|  0%| F|  |TAMS 0x0000000625400000| PB 0x0000000625400000| Untracked 
|  93|0x0000000625800000, 0x0000000625800000, 0x0000000625c00000|  0%| F|  |TAMS 0x0000000625800000| PB 0x0000000625800000| Untracked 
|  94|0x0000000625c00000, 0x0000000625c00000, 0x0000000626000000|  0%| F|  |TAMS 0x0000000625c00000| PB 0x0000000625c00000| Untracked 
|  95|0x0000000626000000, 0x0000000626000000, 0x0000000626400000|  0%| F|  |TAMS 0x0000000626000000| PB 0x0000000626000000| Untracked 
|  96|0x0000000626400000, 0x0000000626400000, 0x0000000626800000|  0%| F|  |TAMS 0x0000000626400000| PB 0x0000000626400000| Untracked 
|  97|0x0000000626800000, 0x0000000626800000, 0x0000000626c00000|  0%| F|  |TAMS 0x0000000626800000| PB 0x0000000626800000| Untracked 
|  98|0x0000000626c00000, 0x0000000626c00000, 0x0000000627000000|  0%| F|  |TAMS 0x0000000626c00000| PB 0x0000000626c00000| Untracked 
| 209|0x0000000642800000, 0x0000000642800000, 0x0000000642c00000|  0%| F|  |TAMS 0x0000000642800000| PB 0x0000000642800000| Untracked 
|1990|0x00000007ffc00000, 0x0000000800000000, 0x0000000800000000|100%| O|  |TAMS 0x0000000800000000| PB 0x00000007ffc00000| Untracked 

Card table byte_map: [0x00000268b3e70000,0x00000268b4e00000] _byte_map_base: 0x00000268b0dfe000

Marking Bits: (CMBitMap*) 0x000002689b315940
 Bits: [0x00000268b4e00000, 0x00000268bca70000)

Polling page: 0x0000026899260000

Metaspace:

Usage:
  Non-class:     76.57 MB used.
      Class:     13.40 MB used.
       Both:     89.97 MB used.

Virtual space:
  Non-class space:      128.00 MB reserved,      77.19 MB ( 60%) committed,  2 nodes.
      Class space:        1.00 GB reserved,      13.88 MB (  1%) committed,  1 nodes.
             Both:        1.12 GB reserved,      91.06 MB (  8%) committed. 

Chunk freelists:
   Non-Class:  2.66 MB
       Class:  2.07 MB
        Both:  4.73 MB

MaxMetaspaceSize: unlimited
CompressedClassSpaceSize: 1.00 GB
Initial GC threshold: 21.00 MB
Current GC threshold: 150.94 MB
CDS: on
 - commit_granule_bytes: 65536.
 - commit_granule_words: 8192.
 - virtual_space_node_default_size: 8388608.
 - enlarge_chunks_in_place: 1.
 - use_allocation_guard: 0.


Internal statistics:

num_allocs_failed_limit: 12.
num_arena_births: 1630.
num_arena_deaths: 0.
num_vsnodes_births: 3.
num_vsnodes_deaths: 0.
num_space_committed: 1451.
num_space_uncommitted: 0.
num_chunks_returned_to_freelist: 12.
num_chunks_taken_from_freelist: 5251.
num_chunk_merges: 9.
num_chunk_splits: 3399.
num_chunks_enlarged: 2453.
num_inconsistent_stats: 0.

CodeHeap 'non-profiled nmethods': size=120000Kb used=8654Kb max_used=9167Kb free=111346Kb
 bounds [0x00000268ab450000, 0x00000268abd50000, 0x00000268b2980000]
CodeHeap 'profiled nmethods': size=120000Kb used=18420Kb max_used=19566Kb free=101579Kb
 bounds [0x00000268a3980000, 0x00000268a4ca0000, 0x00000268aaeb0000]
CodeHeap 'non-nmethods': size=5760Kb used=3261Kb max_used=3347Kb free=2498Kb
 bounds [0x00000268aaeb0000, 0x00000268ab210000, 0x00000268ab450000]
CodeCache: size=245760Kb, used=30335Kb, max_used=32080Kb, free=215423Kb
 total_blobs=12504, nmethods=10607, adapters=1800, full_count=0
Compilation: enabled, stopped_count=0, restarted_count=0

Compilation events (20 events):
Event: 14.405 Thread 0x00000268bf723630 nmethod 13277 0x00000268a3c92f10 code [0x00000268a3c930e0, 0x00000268a3c93448]
Event: 14.405 Thread 0x00000268bf723630 13286       3       org.joml.Vector4f::<init> (26 bytes)
Event: 14.406 Thread 0x0000026907eb0080 nmethod 13145 0x00000268ab732290 code [0x00000268ab732420, 0x00000268ab732540]
Event: 14.406 Thread 0x00000268bf723630 nmethod 13286 0x00000268a3a5a790 code [0x00000268a3a5a940, 0x00000268a3a5aac0]
Event: 14.406 Thread 0x00000268bf723630 13281       3       net.minecraft.client.render.model.json.JsonUnbakedModel::getTransformation (36 bytes)
Event: 14.406 Thread 0x0000026907eb0080 12922       4       java.util.Collections$SetFromMap::size (10 bytes)
Event: 14.406 Thread 0x00000268bf723630 nmethod 13281 0x00000268a3c92690 code [0x00000268a3c92880, 0x00000268a3c92be0]
Event: 14.406 Thread 0x00000268bf723630 13293       3       org.joml.Vector3f::<init> (35 bytes)
Event: 14.406 Thread 0x0000026907eb0080 nmethod 12922 0x00000268ab731f90 code [0x00000268ab732120, 0x00000268ab7321d8]
Event: 14.406 Thread 0x00000268bf723630 nmethod 13293 0x00000268a4467c90 code [0x00000268a4467e40, 0x00000268a44680c8]
Event: 14.406 Thread 0x0000026907eb0080 11957       4       jdk.nio.zipfs.ZipFileSystem$Entry::isDirectory (5 bytes)
Event: 14.406 Thread 0x00000268bf723630 13270       1       org.joml.Quaternionf::w (5 bytes)
Event: 14.406 Thread 0x00000268bf723630 nmethod 13270 0x00000268ab731c90 code [0x00000268ab731e20, 0x00000268ab731ee8]
Event: 14.406 Thread 0x00000268bf723630 13271       1       org.joml.Quaternionf::x (5 bytes)
Event: 14.406 Thread 0x00000268bf723630 nmethod 13271 0x00000268ab731990 code [0x00000268ab731b20, 0x00000268ab731be8]
Event: 14.406 Thread 0x00000268bf723630 13272       1       org.joml.Quaternionf::y (5 bytes)
Event: 14.406 Thread 0x00000268bf723630 nmethod 13272 0x00000268ab731690 code [0x00000268ab731820, 0x00000268ab7318e8]
Event: 14.406 Thread 0x00000268bf723630 13290       2       net.minecraft.client.render.model.json.JsonUnbakedModel::resolveSprite (131 bytes)
Event: 14.406 Thread 0x0000026907eb0080 nmethod 11957 0x00000268ab731390 code [0x00000268ab731520, 0x00000268ab7315b0]
Event: 14.406 Thread 0x0000026907eb0080 11969       4       jdk.nio.zipfs.ZipDirectoryStream$1::next (5 bytes)

GC Heap History (20 events):
Event: 9.797 GC heap after
{Heap after GC invocations=16 (full 0):
 garbage-first heap   total 307200K, used 171883K [0x000000060e400000, 0x0000000800000000)
  region size 4096K, 3 young (12288K), 3 survivors (12288K)
 Metaspace       used 46084K, committed 46784K, reserved 1114112K
  class space    used 5969K, committed 6272K, reserved 1048576K
}
Event: 10.174 GC heap before
{Heap before GC invocations=17 (full 0):
 garbage-first heap   total 307200K, used 274283K [0x000000060e400000, 0x0000000800000000)
  region size 4096K, 28 young (114688K), 3 survivors (12288K)
 Metaspace       used 49133K, committed 49856K, reserved 1114112K
  class space    used 6285K, committed 6592K, reserved 1048576K
}
Event: 10.179 GC heap after
{Heap after GC invocations=18 (full 0):
 garbage-first heap   total 307200K, used 177587K [0x000000060e400000, 0x0000000800000000)
  region size 4096K, 2 young (8192K), 2 survivors (8192K)
 Metaspace       used 49133K, committed 49856K, reserved 1114112K
  class space    used 6285K, committed 6592K, reserved 1048576K
}
Event: 10.695 GC heap before
{Heap before GC invocations=18 (full 0):
 garbage-first heap   total 307200K, used 271795K [0x000000060e400000, 0x0000000800000000)
  region size 4096K, 25 young (102400K), 2 survivors (8192K)
 Metaspace       used 56623K, committed 57408K, reserved 1114112K
  class space    used 8028K, committed 8384K, reserved 1048576K
}
Event: 10.699 GC heap after
{Heap after GC invocations=19 (full 0):
 garbage-first heap   total 409600K, used 180458K [0x000000060e400000, 0x0000000800000000)
  region size 4096K, 2 young (8192K), 2 survivors (8192K)
 Metaspace       used 56623K, committed 57408K, reserved 1114112K
  class space    used 8028K, committed 8384K, reserved 1048576K
}
Event: 11.070 GC heap before
{Heap before GC invocations=19 (full 0):
 garbage-first heap   total 409600K, used 360682K [0x000000060e400000, 0x0000000800000000)
  region size 4096K, 46 young (188416K), 2 survivors (8192K)
 Metaspace       used 59604K, committed 60416K, reserved 1114112K
  class space    used 8577K, committed 8960K, reserved 1048576K
}
Event: 11.076 GC heap after
{Heap after GC invocations=20 (full 0):
 garbage-first heap   total 409600K, used 190555K [0x000000060e400000, 0x0000000800000000)
  region size 4096K, 5 young (20480K), 5 survivors (20480K)
 Metaspace       used 59604K, committed 60416K, reserved 1114112K
  class space    used 8577K, committed 8960K, reserved 1048576K
}
Event: 11.992 GC heap before
{Heap before GC invocations=20 (full 0):
 garbage-first heap   total 409600K, used 362587K [0x000000060e400000, 0x0000000800000000)
  region size 4096K, 47 young (192512K), 5 survivors (20480K)
 Metaspace       used 72173K, committed 73088K, reserved 1114112K
  class space    used 10860K, committed 11264K, reserved 1048576K
}
Event: 12.001 GC heap after
{Heap after GC invocations=21 (full 0):
 garbage-first heap   total 409600K, used 208176K [0x000000060e400000, 0x0000000800000000)
  region size 4096K, 6 young (24576K), 6 survivors (24576K)
 Metaspace       used 72173K, committed 73088K, reserved 1114112K
  class space    used 10860K, committed 11264K, reserved 1048576K
}
Event: 13.412 GC heap before
{Heap before GC invocations=22 (full 0):
 garbage-first heap   total 409600K, used 367920K [0x000000060e400000, 0x0000000800000000)
  region size 4096K, 45 young (184320K), 6 survivors (24576K)
 Metaspace       used 85172K, committed 86272K, reserved 1179648K
  class space    used 12576K, committed 13056K, reserved 1048576K
}
Event: 13.417 GC heap after
{Heap after GC invocations=23 (full 0):
 garbage-first heap   total 409600K, used 214836K [0x000000060e400000, 0x0000000800000000)
  region size 4096K, 2 young (8192K), 2 survivors (8192K)
 Metaspace       used 85172K, committed 86272K, reserved 1179648K
  class space    used 12576K, committed 13056K, reserved 1048576K
}
Event: 13.918 GC heap before
{Heap before GC invocations=23 (full 0):
 garbage-first heap   total 409600K, used 370484K [0x000000060e400000, 0x0000000800000000)
  region size 4096K, 40 young (163840K), 2 survivors (8192K)
 Metaspace       used 90607K, committed 91648K, reserved 1179648K
  class space    used 13484K, committed 13952K, reserved 1048576K
}
Event: 13.925 GC heap after
{Heap after GC invocations=24 (full 0):
 garbage-first heap   total 409600K, used 227497K [0x000000060e400000, 0x0000000800000000)
  region size 4096K, 5 young (20480K), 5 survivors (20480K)
 Metaspace       used 90607K, committed 91648K, reserved 1179648K
  class space    used 13484K, committed 13952K, reserved 1048576K
}
Event: 14.010 GC heap before
{Heap before GC invocations=24 (full 0):
 garbage-first heap   total 409600K, used 366761K [0x000000060e400000, 0x0000000800000000)
  region size 4096K, 40 young (163840K), 5 survivors (20480K)
 Metaspace       used 91293K, committed 92416K, reserved 1179648K
  class space    used 13596K, committed 14080K, reserved 1048576K
}
Event: 14.016 GC heap after
{Heap after GC invocations=25 (full 0):
 garbage-first heap   total 409600K, used 237798K [0x000000060e400000, 0x0000000800000000)
  region size 4096K, 3 young (12288K), 3 survivors (12288K)
 Metaspace       used 91293K, committed 92416K, reserved 1179648K
  class space    used 13596K, committed 14080K, reserved 1048576K
}
Event: 14.196 GC heap before
{Heap before GC invocations=26 (full 0):
 garbage-first heap   total 409600K, used 368870K [0x000000060e400000, 0x0000000800000000)
  region size 4096K, 36 young (147456K), 3 survivors (12288K)
 Metaspace       used 91839K, committed 92928K, reserved 1179648K
  class space    used 13694K, committed 14208K, reserved 1048576K
}
Event: 14.199 GC heap after
{Heap after GC invocations=27 (full 0):
 garbage-first heap   total 409600K, used 246784K [0x000000060e400000, 0x0000000800000000)
  region size 4096K, 5 young (20480K), 5 survivors (20480K)
 Metaspace       used 91839K, committed 92928K, reserved 1179648K
  class space    used 13694K, committed 14208K, reserved 1048576K
}
Event: 14.285 GC heap before
{Heap before GC invocations=27 (full 0):
 garbage-first heap   total 409600K, used 373760K [0x000000060e400000, 0x0000000800000000)
  region size 4096K, 36 young (147456K), 5 survivors (20480K)
 Metaspace       used 91891K, committed 93056K, reserved 1179648K
  class space    used 13694K, committed 14208K, reserved 1048576K
}
Event: 14.291 GC heap after
{Heap after GC invocations=28 (full 0):
 garbage-first heap   total 409600K, used 247885K [0x000000060e400000, 0x0000000800000000)
  region size 4096K, 4 young (16384K), 4 survivors (16384K)
 Metaspace       used 91891K, committed 93056K, reserved 1179648K
  class space    used 13694K, committed 14208K, reserved 1048576K
}
Event: 14.407 GC heap before
{Heap before GC invocations=28 (full 0):
 garbage-first heap   total 409600K, used 378957K [0x000000060e400000, 0x0000000800000000)
  region size 4096K, 36 young (147456K), 4 survivors (16384K)
 Metaspace       used 92129K, committed 93248K, reserved 1179648K
  class space    used 13720K, committed 14208K, reserved 1048576K
}

Dll operation events (15 events):
Event: 0.004 Loaded shared library C:\Users\Jun\.jdks\ms-21.0.9\bin\java.dll
Event: 0.024 Loaded shared library C:\Users\Jun\.jdks\ms-21.0.9\bin\jsvml.dll
Event: 0.080 Loaded shared library C:\Users\Jun\.jdks\ms-21.0.9\bin\net.dll
Event: 0.081 Loaded shared library C:\Users\Jun\.jdks\ms-21.0.9\bin\nio.dll
Event: 0.092 Loaded shared library C:\Users\Jun\.jdks\ms-21.0.9\bin\zip.dll
Event: 0.416 Loaded shared library C:\Users\Jun\.jdks\ms-21.0.9\bin\jimage.dll
Event: 0.834 Loaded shared library C:\Users\Jun\.jdks\ms-21.0.9\bin\management.dll
Event: 0.835 Loaded shared library C:\Users\Jun\.jdks\ms-21.0.9\bin\management_ext.dll
Event: 1.088 Loaded shared library C:\Users\Jun\.jdks\ms-21.0.9\bin\verify.dll
Event: 2.817 Loaded shared library C:\Users\Jun\AppData\Local\Temp\jna-74851\jna4729658632069582303.dll
Event: 11.682 Loaded shared library C:\Users\Jun\AppData\Local\Temp\lwjgl_Jun\3.3.3-snapshot\x64\lwjgl.dll
Event: 11.947 Loaded shared library C:\Users\Jun\.jdks\ms-21.0.9\bin\sunmscapi.dll
Event: 12.051 Loaded shared library C:\Users\Jun\.jdks\ms-21.0.9\bin\extnet.dll
Event: 13.003 Loaded shared library C:\Users\Jun\AppData\Local\Temp\lwjgl_Jun\3.3.3-snapshot\x64\lwjgl_opengl.dll
Event: 13.200 Loaded shared library C:\Users\Jun\AppData\Local\Temp\lwjgl_Jun\3.3.3-snapshot\x64\lwjgl_stb.dll

Deoptimization events (20 events):
Event: 14.369 Thread 0x000002690ab10680 DEOPT PACKING pc=0x00000268abb18bd8 sp=0x00000083e1aff1d0
Event: 14.369 Thread 0x000002690ab10680 DEOPT UNPACKING pc=0x00000268aaf07ba2 sp=0x00000083e1aff188 mode 2
Event: 14.377 Thread 0x000002690ab10680 Uncommon trap: trap_request=0xffffffc6 fr.pc=0x00000268ab951024 relative=0x00000000000004a4
Event: 14.377 Thread 0x000002690ab10680 Uncommon trap: reason=bimorphic_or_optimized_type_check action=maybe_recompile pc=0x00000268ab951024 method=java.util.stream.ReferencePipeline$Head.forEach(Ljava/util/function/Consumer;)V @ 12 c2
Event: 14.377 Thread 0x000002690ab10680 DEOPT PACKING pc=0x00000268ab951024 sp=0x00000083e1afe250
Event: 14.377 Thread 0x000002690ab10680 DEOPT UNPACKING pc=0x00000268aaf07ba2 sp=0x00000083e1afe238 mode 2
Event: 14.379 Thread 0x000002690ab10680 DEOPT PACKING pc=0x00000268a4ae58ab sp=0x00000083e1afdde0
Event: 14.379 Thread 0x000002690ab10680 DEOPT UNPACKING pc=0x00000268aaf086e2 sp=0x00000083e1afd2c8 mode 0
Event: 14.387 Thread 0x000002690ab10680 Uncommon trap: trap_request=0xffffffc6 fr.pc=0x00000268ab951024 relative=0x00000000000004a4
Event: 14.387 Thread 0x000002690ab10680 Uncommon trap: reason=bimorphic_or_optimized_type_check action=maybe_recompile pc=0x00000268ab951024 method=java.util.stream.ReferencePipeline$Head.forEach(Ljava/util/function/Consumer;)V @ 12 c2
Event: 14.387 Thread 0x000002690ab10680 DEOPT PACKING pc=0x00000268ab951024 sp=0x00000083e1afde90
Event: 14.387 Thread 0x000002690ab10680 DEOPT UNPACKING pc=0x00000268aaf07ba2 sp=0x00000083e1afde78 mode 2
Event: 14.389 Thread 0x000002690ab10680 Uncommon trap: trap_request=0xffffffc6 fr.pc=0x00000268ab951024 relative=0x00000000000004a4
Event: 14.389 Thread 0x000002690ab10680 Uncommon trap: reason=bimorphic_or_optimized_type_check action=maybe_recompile pc=0x00000268ab951024 method=java.util.stream.ReferencePipeline$Head.forEach(Ljava/util/function/Consumer;)V @ 12 c2
Event: 14.389 Thread 0x000002690ab10680 DEOPT PACKING pc=0x00000268ab951024 sp=0x00000083e1afdee0
Event: 14.389 Thread 0x000002690ab10680 DEOPT UNPACKING pc=0x00000268aaf07ba2 sp=0x00000083e1afdec8 mode 2
Event: 14.396 Thread 0x000002690ab10680 Uncommon trap: trap_request=0xffffff45 fr.pc=0x00000268ab9691e8 relative=0x00000000000000c8
Event: 14.396 Thread 0x000002690ab10680 Uncommon trap: reason=unstable_if action=reinterpret pc=0x00000268ab9691e8 method=java.lang.Math.round(D)J @ 48 c2
Event: 14.396 Thread 0x000002690ab10680 DEOPT PACKING pc=0x00000268ab9691e8 sp=0x00000083e1afe6e0
Event: 14.396 Thread 0x000002690ab10680 DEOPT UNPACKING pc=0x00000268aaf07ba2 sp=0x00000083e1afe640 mode 2

Classes loaded (20 events):
Event: 13.927 Loading class java/lang/constant/DirectMethodHandleDescImpl$1
Event: 13.927 Loading class java/lang/constant/DirectMethodHandleDescImpl$1 done
Event: 13.927 Loading class java/lang/constant/PrimitiveClassDescImpl
Event: 13.928 Loading class java/lang/constant/PrimitiveClassDescImpl done
Event: 13.928 Loading class java/lang/constant/DynamicConstantDesc$AnonymousDynamicConstantDesc
Event: 13.928 Loading class java/lang/constant/DynamicConstantDesc$AnonymousDynamicConstantDesc done
Event: 13.928 Loading class java/util/ReverseOrderListView
Event: 13.928 Loading class java/util/ReverseOrderListView done
Event: 13.928 Loading class java/util/ReverseOrderListView$Rand
Event: 13.928 Loading class java/util/ReverseOrderListView$Rand done
Event: 13.930 Loading class java/lang/invoke/MethodHandleImpl$TableSwitchCacheKey
Event: 13.930 Loading class java/lang/invoke/MethodHandleImpl$TableSwitchCacheKey done
Event: 14.382 Loading class java/util/EnumMap$KeySet
Event: 14.382 Loading class java/util/EnumMap$KeySet done
Event: 14.382 Loading class java/util/EnumMap$KeyIterator
Event: 14.382 Loading class java/util/EnumMap$KeyIterator done
Event: 14.391 Loading class java/lang/FdLibm$Atan2
Event: 14.391 Loading class java/lang/FdLibm$Atan2 done
Event: 14.391 Loading class java/lang/FdLibm$Atan
Event: 14.391 Loading class java/lang/FdLibm$Atan done

Classes unloaded (0 events):
No events

Classes redefined (0 events):
No events

Internal exceptions (20 events):
Event: 13.810 Thread 0x000002690ab10d10 Exception <a 'java/lang/NoSuchMethodError'{0x0000000622210308}: 'java.lang.Object java.lang.invoke.DirectMethodHandle$Holder.invokeSpecialIFC(java.lang.Object, java.lang.Object, java.lang.Object, java.lang.Object, java.lang.Object, java.lang.Object, java.lang.Object)'> (0x0000000622210308) 
thrown [s\src\hotspot\share\interpreter\linkResolver.cpp, line 773]
Event: 13.811 Thread 0x000002690ab10680 Exception <a 'java/lang/NoSuchMethodError'{0x000000062407d560}: 'java.lang.Object java.lang.invoke.DirectMethodHandle$Holder.invokeSpecialIFC(java.lang.Object, java.lang.Object, java.lang.Object, java.lang.Object, java.lang.Object, java.lang.Object)'> (0x000000062407d560) 
thrown [s\src\hotspot\share\interpreter\linkResolver.cpp, line 773]
Event: 13.811 Thread 0x000002690e59bb30 Exception <a 'java/lang/NoSuchMethodError'{0x0000000622da02b0}: 'java.lang.Object java.lang.invoke.DirectMethodHandle$Holder.invokeSpecialIFC(java.lang.Object, java.lang.Object, java.lang.Object, java.lang.Object, java.lang.Object, java.lang.Object)'> (0x0000000622da02b0) 
thrown [s\src\hotspot\share\interpreter\linkResolver.cpp, line 773]
Event: 13.812 Thread 0x000002689b26ed80 Exception <a 'java/lang/IncompatibleClassChangeError'{0x00000006225b25e8}: Found class java.lang.Object, but interface was expected> (0x00000006225b25e8) 
thrown [s\src\hotspot\share\interpreter\linkResolver.cpp, line 840]
Event: 13.813 Thread 0x000002690e599a60 Exception <a 'java/lang/NoSuchMethodError'{0x0000000622c35778}: 'void java.lang.invoke.DirectMethodHandle$Holder.invokeSpecial(java.lang.Object, java.lang.Object, java.lang.Object, java.lang.Object, java.lang.Object, java.lang.Object, java.lang.Object, java.lang.Object)'> (0x0000000622c35778) 
thrown [s\src\hotspot\share\interpreter\linkResolver.cpp, line 773]
Event: 13.813 Thread 0x000002690e5993d0 Exception <a 'java/lang/NoSuchMethodError'{0x0000000622e7c9a0}: 'void java.lang.invoke.DirectMethodHandle$Holder.invokeSpecial(java.lang.Object, java.lang.Object, java.lang.Object, java.lang.Object, java.lang.Object, java.lang.Object, java.lang.Object, java.lang.Object)'> (0x0000000622e7c9a0) 
thrown [s\src\hotspot\share\interpreter\linkResolver.cpp, line 773]
Event: 13.826 Thread 0x000002690e59a780 Exception <a 'java/lang/NoSuchMethodError'{0x00000006218faa88}: 'java.lang.Object java.lang.invoke.DirectMethodHandle$Holder.invokeVirtual(java.lang.Object, java.lang.Object, int, java.lang.Object)'> (0x00000006218faa88) 
thrown [s\src\hotspot\share\interpreter\linkResolver.cpp, line 773]
Event: 13.865 Thread 0x000002690e59ae10 Exception <a 'java/lang/NoSuchMethodError'{0x0000000620342c68}: 'java.lang.Object java.lang.invoke.DirectMethodHandle$Holder.invokeSpecial(java.lang.Object, java.lang.Object, java.lang.Object, java.lang.Object, int, int)'> (0x0000000620342c68) 
thrown [s\src\hotspot\share\interpreter\linkResolver.cpp, line 773]
Event: 13.865 Thread 0x000002690e59ae10 Exception <a 'java/lang/NoSuchMethodError'{0x00000006203463e0}: 'java.lang.Object java.lang.invoke.Invokers$Holder.linkToTargetMethod(java.lang.Object, java.lang.Object, int, int, java.lang.Object)'> (0x00000006203463e0) 
thrown [s\src\hotspot\share\interpreter\linkResolver.cpp, line 773]
Event: 13.866 Thread 0x000002690e59ae10 Exception <a 'java/lang/NoSuchMethodError'{0x0000000620354ed0}: 'void java.lang.invoke.DirectMethodHandle$Holder.invokeStatic(java.lang.Object, int, java.lang.Object)'> (0x0000000620354ed0) 
thrown [s\src\hotspot\share\interpreter\linkResolver.cpp, line 773]
Event: 13.866 Thread 0x000002690e5993d0 Exception <a 'java/lang/NoSuchMethodError'{0x00000006204494d8}: 'void java.lang.invoke.DirectMethodHandle$Holder.invokeStatic(java.lang.Object, int, java.lang.Object)'> (0x00000006204494d8) 
thrown [s\src\hotspot\share\interpreter\linkResolver.cpp, line 773]
Event: 13.916 Thread 0x000002690e59bb30 Implicit null exception at 0x00000268ab7b4a41 to 0x00000268ab7b4bac
Event: 13.929 Thread 0x000002690e59bb30 Exception <a 'java/lang/NoSuchMethodError'{0x0000000642934878}: 'int java.lang.invoke.DirectMethodHandle$Holder.invokeSpecial(java.lang.Object, java.lang.Object, java.lang.Object, java.lang.Object, java.lang.Object, java.lang.Object)'> (0x0000000642934878) 
thrown [s\src\hotspot\share\interpreter\linkResolver.cpp, line 773]
Event: 13.929 Thread 0x000002690e59bb30 Exception <a 'java/lang/NoSuchMethodError'{0x0000000642937ef8}: 'int java.lang.invoke.DelegatingMethodHandle$Holder.reinvoke_L(java.lang.Object, java.lang.Object, java.lang.Object, java.lang.Object, java.lang.Object)'> (0x0000000642937ef8) 
thrown [s\src\hotspot\share\interpreter\linkResolver.cpp, line 773]
Event: 13.930 Thread 0x000002690e59bb30 Implicit null exception at 0x00000268abc07a77 to 0x00000268abc07e18
Event: 13.930 Thread 0x000002690e59bb30 Implicit null exception at 0x00000268ab7f91f6 to 0x00000268ab7f92d4
Event: 13.931 Thread 0x000002690e59bb30 Exception <a 'java/lang/NoSuchMethodError'{0x000000064297a7a0}: 'int java.lang.invoke.Invokers$Holder.linkToTargetMethod(java.lang.Object, int, java.lang.Object)'> (0x000000064297a7a0) 
thrown [s\src\hotspot\share\interpreter\linkResolver.cpp, line 773]
Event: 14.087 Thread 0x000002690ab10680 Exception <a 'java/lang/NoSuchMethodError'{0x000000062242f1a8}: 'int java.lang.invoke.DirectMethodHandle$Holder.invokeVirtual(java.lang.Object, java.lang.Object, java.lang.Object, java.lang.Object)'> (0x000000062242f1a8) 
thrown [s\src\hotspot\share\interpreter\linkResolver.cpp, line 773]
Event: 14.097 Thread 0x000002690ab10680 Exception <a 'java/lang/NoSuchMethodError'{0x000000062253f9a0}: 'void java.lang.invoke.DirectMethodHandle$Holder.invokeSpecial(java.lang.Object, java.lang.Object, java.lang.Object, java.lang.Object, java.lang.Object, java.lang.Object, java.lang.Object)'> (0x000000062253f9a0) 
thrown [s\src\hotspot\share\interpreter\linkResolver.cpp, line 773]
Event: 14.107 Thread 0x000002690ab10680 Exception <a 'java/lang/NoSuchMethodError'{0x000000062278f8b8}: 'void java.lang.invoke.DirectMethodHandle$Holder.invokeSpecial(java.lang.Object, java.lang.Object, int, java.lang.Object)'> (0x000000062278f8b8) 
thrown [s\src\hotspot\share\interpreter\linkResolver.cpp, line 773]

ZGC Phase Switch (0 events):
No events

VM Operations (20 events):
Event: 13.872 Executing VM operation: HandshakeAllThreads (Deoptimize) done
Event: 13.918 Executing VM operation: G1CollectForAllocation (G1 Evacuation Pause)
Event: 13.918 Executing VM operation: G1CollectForAllocation (G1 Evacuation Pause) done
Event: 13.918 Executing VM operation: G1CollectForAllocation (GCLocker Initiated GC)
Event: 13.925 Executing VM operation: G1CollectForAllocation (GCLocker Initiated GC) done
Event: 14.010 Executing VM operation: G1CollectForAllocation (G1 Evacuation Pause)
Event: 14.016 Executing VM operation: G1CollectForAllocation (G1 Evacuation Pause) done
Event: 14.097 Executing VM operation: G1PauseRemark
Event: 14.101 Executing VM operation: G1PauseRemark done
Event: 14.118 Executing VM operation: HandshakeAllThreads (Deoptimize)
Event: 14.118 Executing VM operation: HandshakeAllThreads (Deoptimize) done
Event: 14.127 Executing VM operation: G1PauseCleanup
Event: 14.127 Executing VM operation: G1PauseCleanup done
Event: 14.187 Executing VM operation: ICBufferFull
Event: 14.187 Executing VM operation: ICBufferFull done
Event: 14.196 Executing VM operation: G1CollectForAllocation (G1 Evacuation Pause)
Event: 14.199 Executing VM operation: G1CollectForAllocation (G1 Evacuation Pause) done
Event: 14.285 Executing VM operation: G1CollectForAllocation (G1 Evacuation Pause)
Event: 14.291 Executing VM operation: G1CollectForAllocation (G1 Evacuation Pause) done
Event: 14.407 Executing VM operation: G1CollectForAllocation (G1 Evacuation Pause)

Memory protections (0 events):
No events

Nmethod flushes (20 events):
Event: 14.100 Thread 0x00000268bee6e6b0 flushing  nmethod 0x00000268a4358410
Event: 14.100 Thread 0x00000268bee6e6b0 flushing  nmethod 0x00000268a435b590
Event: 14.100 Thread 0x00000268bee6e6b0 flushing  nmethod 0x00000268a4387990
Event: 14.100 Thread 0x00000268bee6e6b0 flushing  nmethod 0x00000268a4388490
Event: 14.100 Thread 0x00000268bee6e6b0 flushing  nmethod 0x00000268a4389990
Event: 14.100 Thread 0x00000268bee6e6b0 flushing  nmethod 0x00000268a438e590
Event: 14.100 Thread 0x00000268bee6e6b0 flushing  nmethod 0x00000268a438ef90
Event: 14.100 Thread 0x00000268bee6e6b0 flushing  nmethod 0x00000268a4390110
Event: 14.100 Thread 0x00000268bee6e6b0 flushing  nmethod 0x00000268a43fbb10
Event: 14.100 Thread 0x00000268bee6e6b0 flushing  nmethod 0x00000268a43fc290
Event: 14.100 Thread 0x00000268bee6e6b0 flushing  nmethod 0x00000268a43fca90
Event: 14.100 Thread 0x00000268bee6e6b0 flushing  nmethod 0x00000268a43fd290
Event: 14.100 Thread 0x00000268bee6e6b0 flushing  nmethod 0x00000268a4447b90
Event: 14.100 Thread 0x00000268bee6e6b0 flushing  nmethod 0x00000268a4448090
Event: 14.100 Thread 0x00000268bee6e6b0 flushing  nmethod 0x00000268a4448910
Event: 14.100 Thread 0x00000268bee6e6b0 flushing  nmethod 0x00000268a44a3b90
Event: 14.100 Thread 0x00000268bee6e6b0 flushing  nmethod 0x00000268a4573790
Event: 14.100 Thread 0x00000268bee6e6b0 flushing  nmethod 0x00000268a46e0f10
Event: 14.100 Thread 0x00000268bee6e6b0 flushing  nmethod 0x00000268a46e2c10
Event: 14.100 Thread 0x00000268bee6e6b0 flushing  nmethod 0x00000268a47e5e10

Events (20 events):
Event: 12.187 Thread 0x000002690ab0f2d0 Thread exited: 0x000002690ab0f2d0
Event: 12.188 Thread 0x000002690ab120c0 Thread exited: 0x000002690ab120c0
Event: 12.215 Thread 0x000002690ab0d200 Thread added: 0x000002690ab13470
Event: 12.998 Thread 0x0000026907eb2290 Thread exited: 0x0000026907eb2290
Event: 13.356 Thread 0x000002689b26ed80 Thread added: 0x000002690ab0f2d0
Event: 13.687 Thread 0x000002689b26ed80 Thread added: 0x000002690ab10680
Event: 13.740 Thread 0x0000026907eb0080 Thread added: 0x0000026907eb0750
Event: 13.774 Thread 0x000002689b26ed80 Thread added: 0x000002690ab10d10
Event: 13.774 Thread 0x000002690ab10d10 Thread added: 0x000002690e597990
Event: 13.774 Thread 0x000002690e597990 Thread added: 0x000002690e59ae10
Event: 13.775 Thread 0x000002690e59ae10 Thread added: 0x000002690e59b4a0
Event: 13.775 Thread 0x000002690e59b4a0 Thread added: 0x000002690e594ba0
Event: 13.775 Thread 0x000002690e594ba0 Thread added: 0x000002690e59a780
Event: 13.776 Thread 0x000002690e59a780 Thread added: 0x000002690e599a60
Event: 13.776 Thread 0x000002690e599a60 Thread added: 0x000002690e598020
Event: 13.777 Thread 0x000002690e598020 Thread added: 0x000002690e59bb30
Event: 13.780 Thread 0x000002690ab10680 Thread added: 0x000002690e5993d0
Event: 13.878 Thread 0x000002689b26ed80 Thread added: 0x000002690e596c70
Event: 13.904 Thread 0x000002690e59bb30 Thread added: 0x000002690e595f50
Event: 13.905 Thread 0x000002690e595f50 Thread added: 0x000002690e5965e0


Dynamic libraries:
0x00007ff659f20000 - 0x00007ff659f2e000 	C:\Users\Jun\.jdks\ms-21.0.9\bin\java.exe
0x00007ffdf4870000 - 0x00007ffdf4a68000 	C:\Windows\SYSTEM32\ntdll.dll
0x00007ffdf3680000 - 0x00007ffdf3742000 	C:\Windows\System32\KERNEL32.DLL
0x00007ffdf24b0000 - 0x00007ffdf27a6000 	C:\Windows\System32\KERNELBASE.dll
0x00007ffdf22e0000 - 0x00007ffdf23e0000 	C:\Windows\System32\ucrtbase.dll
0x00007ffdd8ca0000 - 0x00007ffdd8cb8000 	C:\Users\Jun\.jdks\ms-21.0.9\bin\jli.dll
0x00007ffde1de0000 - 0x00007ffde1dfe000 	C:\Users\Jun\.jdks\ms-21.0.9\bin\VCRUNTIME140.dll
0x00007ffdf2cc0000 - 0x00007ffdf2e61000 	C:\Windows\System32\USER32.dll
0x00007ffdf2210000 - 0x00007ffdf2232000 	C:\Windows\System32\win32u.dll
0x00007ffdf2c60000 - 0x00007ffdf2c8b000 	C:\Windows\System32\GDI32.dll
0x00007ffdf20f0000 - 0x00007ffdf2209000 	C:\Windows\System32\gdi32full.dll
0x00007ffde1430000 - 0x00007ffde16cb000 	C:\Windows\WinSxS\amd64_microsoft.windows.common-controls_6595b64144ccf1df_6.0.19041.6456_none_60b8a6cb71f64256\COMCTL32.dll
0x00007ffdf2240000 - 0x00007ffdf22dd000 	C:\Windows\System32\msvcp_win.dll
0x00007ffdf2af0000 - 0x00007ffdf2b8e000 	C:\Windows\System32\msvcrt.dll
0x00007ffdf2c90000 - 0x00007ffdf2cbf000 	C:\Windows\System32\IMM32.DLL
0x00007ffdedf70000 - 0x00007ffdedf7c000 	C:\Users\Jun\.jdks\ms-21.0.9\bin\vcruntime140_1.dll
0x00007ffdcbcd0000 - 0x00007ffdcbd59000 	C:\Users\Jun\.jdks\ms-21.0.9\bin\msvcp140.dll
0x00007ffd96520000 - 0x00007ffd972cd000 	C:\Users\Jun\.jdks\ms-21.0.9\bin\server\jvm.dll
0x00007ffdf2ba0000 - 0x00007ffdf2c51000 	C:\Windows\System32\ADVAPI32.dll
0x00007ffdf3e80000 - 0x00007ffdf3f1f000 	C:\Windows\System32\sechost.dll
0x00007ffdf3f40000 - 0x00007ffdf4060000 	C:\Windows\System32\RPCRT4.dll
0x00007ffdf27b0000 - 0x00007ffdf27d7000 	C:\Windows\System32\bcrypt.dll
0x00007ffdf4760000 - 0x00007ffdf47cb000 	C:\Windows\System32\WS2_32.dll
0x00007ffdf1980000 - 0x00007ffdf19cb000 	C:\Windows\SYSTEM32\POWRPROF.dll
0x00007ffde8910000 - 0x00007ffde891a000 	C:\Windows\SYSTEM32\VERSION.dll
0x00007ffde48d0000 - 0x00007ffde48f7000 	C:\Windows\SYSTEM32\WINMM.dll
0x00007ffdf1960000 - 0x00007ffdf1972000 	C:\Windows\SYSTEM32\UMPDC.dll
0x00007ffdefd50000 - 0x00007ffdefd62000 	C:\Windows\SYSTEM32\kernel.appcore.dll
0x00007ffde20e0000 - 0x00007ffde20ea000 	C:\Users\Jun\.jdks\ms-21.0.9\bin\jimage.dll
0x00007ffde9330000 - 0x00007ffde9531000 	C:\Windows\SYSTEM32\DBGHELP.DLL
0x00007ffddab40000 - 0x00007ffddab74000 	C:\Windows\SYSTEM32\dbgcore.DLL
0x00007ffdf2060000 - 0x00007ffdf20e2000 	C:\Windows\System32\bcryptPrimitives.dll
0x00007ffdd1180000 - 0x00007ffdd11a1000 	C:\Users\Jun\.jdks\ms-21.0.9\bin\java.dll
0x00007ffdf2f10000 - 0x00007ffdf3680000 	C:\Windows\System32\SHELL32.dll
0x00007ffdeff50000 - 0x00007ffdf06f5000 	C:\Windows\SYSTEM32\windows.storage.dll
0x00007ffdf3750000 - 0x00007ffdf3aa4000 	C:\Windows\System32\combase.dll
0x00007ffdf18c0000 - 0x00007ffdf18eb000 	C:\Windows\SYSTEM32\Wldp.dll
0x00007ffdf3db0000 - 0x00007ffdf3e7d000 	C:\Windows\System32\OLEAUT32.dll
0x00007ffdf3b70000 - 0x00007ffdf3c1d000 	C:\Windows\System32\SHCORE.dll
0x00007ffdf3d50000 - 0x00007ffdf3dab000 	C:\Windows\System32\shlwapi.dll
0x00007ffdf1e30000 - 0x00007ffdf1e54000 	C:\Windows\SYSTEM32\profapi.dll
0x00007ffdc8810000 - 0x00007ffdc88e6000 	C:\Users\Jun\.jdks\ms-21.0.9\bin\jsvml.dll
0x00007ffdd6690000 - 0x00007ffdd66a1000 	C:\Users\Jun\.jdks\ms-21.0.9\bin\net.dll
0x00007ffdebb30000 - 0x00007ffdebc3a000 	C:\Windows\SYSTEM32\WINHTTP.dll
0x00007ffdf1560000 - 0x00007ffdf15ca000 	C:\Windows\system32\mswsock.dll
0x00007ffdd5290000 - 0x00007ffdd52a6000 	C:\Users\Jun\.jdks\ms-21.0.9\bin\nio.dll
0x00007ffdd8990000 - 0x00007ffdd89a8000 	C:\Users\Jun\.jdks\ms-21.0.9\bin\zip.dll
0x00007ffdde1c0000 - 0x00007ffdde1ca000 	C:\Users\Jun\.jdks\ms-21.0.9\bin\management.dll
0x00007ffdd9030000 - 0x00007ffdd903c000 	C:\Users\Jun\.jdks\ms-21.0.9\bin\management_ext.dll
0x00007ffdf2f00000 - 0x00007ffdf2f08000 	C:\Windows\System32\PSAPI.DLL
0x00007ffdd0060000 - 0x00007ffdd0077000 	C:\Windows\system32\napinsp.dll
0x00007ffdcf400000 - 0x00007ffdcf41b000 	C:\Windows\system32\pnrpnsp.dll
0x00007ffdee770000 - 0x00007ffdee78d000 	C:\Windows\system32\wshbth.dll
0x00007ffdede40000 - 0x00007ffdede5d000 	C:\Windows\system32\NLAapi.dll
0x00007ffdf1260000 - 0x00007ffdf129b000 	C:\Windows\SYSTEM32\IPHLPAPI.DLL
0x00007ffdf12a0000 - 0x00007ffdf136a000 	C:\Windows\SYSTEM32\DNSAPI.dll
0x00007ffdf3ab0000 - 0x00007ffdf3ab8000 	C:\Windows\System32\NSI.dll
0x00007ffdb5070000 - 0x00007ffdb5082000 	C:\Windows\System32\winrnr.dll
0x00007ffdeb6b0000 - 0x00007ffdeb6ba000 	C:\Windows\System32\rasadhlp.dll
0x00007ffde9ed0000 - 0x00007ffde9f50000 	C:\Windows\System32\fwpuclnt.dll
0x00007ffdde6c0000 - 0x00007ffdde6d0000 	C:\Users\Jun\.jdks\ms-21.0.9\bin\verify.dll
0x00007ffdf1790000 - 0x00007ffdf17a8000 	C:\Windows\SYSTEM32\CRYPTSP.dll
0x00007ffdf0e90000 - 0x00007ffdf0ec8000 	C:\Windows\system32\rsaenh.dll
0x00007ffdf1db0000 - 0x00007ffdf1dde000 	C:\Windows\SYSTEM32\USERENV.dll
0x00007ffdf17b0000 - 0x00007ffdf17bc000 	C:\Windows\SYSTEM32\CRYPTBASE.dll
0x00007ffdcbf90000 - 0x00007ffdcbfd5000 	C:\Users\Jun\AppData\Local\Temp\jna-74851\jna4729658632069582303.dll
0x00007ffdf3c20000 - 0x00007ffdf3d4b000 	C:\Windows\System32\Ole32.dll
0x00007ffdf3ac0000 - 0x00007ffdf3b69000 	C:\Windows\System32\clbcatq.dll
0x00007ffddb5d0000 - 0x00007ffddb5ef000 	C:\Windows\SYSTEM32\amsi.dll
0x00007ffddb4a0000 - 0x00007ffddb542000 	C:\ProgramData\Microsoft\Windows Defender\Platform\4.18.26010.5-0\MpOav.dll
0x00007ffde4870000 - 0x00007ffde48c1000 	C:\Windows\SYSTEM32\Pdh.dll
0x00007ffddb330000 - 0x00007ffddb33f000 	C:\Windows\System32\perfos.dll
0x00007ffdb9490000 - 0x00007ffdb950b000 	C:\Users\Jun\AppData\Local\Temp\lwjgl_Jun\3.3.3-snapshot\x64\lwjgl.dll
0x00007ffdb5840000 - 0x00007ffdb5ab0000 	C:\Users\Jun\AppData\Local\Temp\lwjgl_Jun\3.3.3-snapshot\x64\jemalloc.dll
0x00007ffdd6670000 - 0x00007ffdd667e000 	C:\Users\Jun\.jdks\ms-21.0.9\bin\sunmscapi.dll
0x00007ffdf1f00000 - 0x00007ffdf205d000 	C:\Windows\System32\CRYPT32.dll
0x00007ffdf1930000 - 0x00007ffdf1957000 	C:\Windows\SYSTEM32\ncrypt.dll
0x00007ffdf18f0000 - 0x00007ffdf192b000 	C:\Windows\SYSTEM32\NTASN1.dll
0x00007ffdd73a0000 - 0x00007ffdd73a9000 	C:\Users\Jun\.jdks\ms-21.0.9\bin\extnet.dll
0x00007ffdb69d0000 - 0x00007ffdb6a52000 	C:\Users\Jun\AppData\Local\Temp\lwjgl_Jun\3.3.3-snapshot\x64\glfw.dll
0x00007ffd8c550000 - 0x00007ffd8c595000 	C:\Windows\SYSTEM32\dinput8.dll
0x00007ffddab20000 - 0x00007ffddab31000 	C:\Windows\SYSTEM32\xinput1_4.dll
0x00007ffdf23e0000 - 0x00007ffdf242e000 	C:\Windows\System32\cfgmgr32.dll
0x00007ffdf1c90000 - 0x00007ffdf1cc3000 	C:\Windows\SYSTEM32\DEVOBJ.dll
0x00007ffdd4ed0000 - 0x00007ffdd5022000 	C:\Windows\SYSTEM32\inputhost.dll
0x00007ffded840000 - 0x00007ffded932000 	C:\Windows\SYSTEM32\CoreMessaging.dll
0x00007ffded080000 - 0x00007ffded3db000 	C:\Windows\SYSTEM32\CoreUIComponents.dll
0x00007ffdee790000 - 0x00007ffdee8e7000 	C:\Windows\SYSTEM32\wintypes.dll
0x00007ffdef140000 - 0x00007ffdef234000 	C:\Windows\SYSTEM32\PROPSYS.dll
0x00007ffdf10e0000 - 0x00007ffdf1113000 	C:\Windows\SYSTEM32\ntmarta.dll
0x00007ffdefb70000 - 0x00007ffdefb9e000 	C:\Windows\SYSTEM32\dwmapi.dll
0x00007ffdef7e0000 - 0x00007ffdef87e000 	C:\Windows\system32\uxtheme.dll
0x00007ffdf2890000 - 0x00007ffdf29a5000 	C:\Windows\System32\MSCTF.dll
0x00007ffd9b040000 - 0x00007ffd9b168000 	C:\Windows\SYSTEM32\opengl32.dll
0x00007ffddacf0000 - 0x00007ffddad1c000 	C:\Windows\SYSTEM32\GLU32.dll
0x00007ffde1f10000 - 0x00007ffde1f40000 	C:\Windows\System32\DriverStore\FileRepository\u0420529.inf_amd64_94ad5a6c4d1a04e2\B419765\atig6pxx.dll
0x00007ffdc2080000 - 0x00007ffdc5e9f000 	C:\Windows\System32\DriverStore\FileRepository\u0420529.inf_amd64_94ad5a6c4d1a04e2\B419765\atio6axx.dll
0x00007ffdf4210000 - 0x00007ffdf4680000 	C:\Windows\System32\SETUPAPI.dll
0x00007ffdf2430000 - 0x00007ffdf24a3000 	C:\Windows\System32\WINTRUST.dll
0x00007ffdf1ac0000 - 0x00007ffdf1ad2000 	C:\Windows\SYSTEM32\MSASN1.dll
0x00007ffde44e0000 - 0x00007ffde451c000 	C:\Windows\System32\DriverStore\FileRepository\u0420529.inf_amd64_94ad5a6c4d1a04e2\B419765\amdihk64.dll
0x00007ffdd5030000 - 0x00007ffdd5129000 	C:\Windows\SYSTEM32\textinputframework.dll
0x00007ffdbb560000 - 0x00007ffdbb5be000 	C:\Users\Jun\AppData\Local\Temp\lwjgl_Jun\3.3.3-snapshot\x64\lwjgl_opengl.dll
0x00007ffdb5d40000 - 0x00007ffdb5dc2000 	C:\Users\Jun\AppData\Local\Temp\lwjgl_Jun\3.3.3-snapshot\x64\lwjgl_stb.dll
0x00007ffdea4d0000 - 0x00007ffdea57e000 	C:\Windows\SYSTEM32\mscms.dll
0x00007ffdea4b0000 - 0x00007ffdea4c1000 	C:\Windows\SYSTEM32\ColorAdapterClient.dll
0x00007ffd4eff0000 - 0x00007ffd4f035000 	C:\Windows\SYSTEM32\icm32.dll
0x00007ffdb4ce0000 - 0x00007ffdb4ea7000 	C:\Users\Jun\AppData\Local\Temp\lwjgl_Jun\3.3.3-snapshot\x64\OpenAL.dll
0x00007ffdebdc0000 - 0x00007ffdebe45000 	C:\Windows\System32\MMDevApi.dll
0x00007ffd9dec0000 - 0x00007ffd9e04d000 	C:\Windows\System32\Speech\Common\sapi.dll
0x00007ffd8d7d0000 - 0x00007ffd8d7ee000 	C:\Windows\SYSTEM32\MSACM32.dll
0x00007ffdcfe30000 - 0x00007ffdcfe3b000 	C:\Windows\SYSTEM32\msdmo.dll
0x00007ffdccdb0000 - 0x00007ffdccdd6000 	C:\Windows\SYSTEM32\winmmbase.dll

JVMTI agents: none

dbghelp: loaded successfully - version: 4.0.5 - missing functions: none
symbol engine: initialized successfully - sym options: 0x614 - pdb path: .;C:\Users\Jun\.jdks\ms-21.0.9\bin;C:\Windows\SYSTEM32;C:\Windows\WinSxS\amd64_microsoft.windows.common-controls_6595b64144ccf1df_6.0.19041.6456_none_60b8a6cb71f64256;C:\Users\Jun\.jdks\ms-21.0.9\bin\server;C:\Users\Jun\AppData\Local\Temp\jna-74851;C:\ProgramData\Microsoft\Windows Defender\Platform\4.18.26010.5-0;C:\Users\Jun\AppData\Local\Temp\lwjgl_Jun\3.3.3-snapshot\x64;C:\Windows\System32\DriverStore\FileRepository\u0420529.inf_amd64_94ad5a6c4d1a04e2\B419765;C:\Windows\System32\Speech\Common

VM Arguments:
jvm_args: -Dfabric.dli.config=C:\Users\Jun\IdeaProjects\Corruption\.gradle\loom-cache\launch.cfg -Dfabric.dli.env=client -Dfabric.dli.main=net.fabricmc.loader.impl.launch.knot.KnotClient -Dfile.encoding=UTF-8 -Duser.country=KR -Duser.language=ko -Duser.variant 
java_command: net.fabricmc.devlaunchinjector.Main
java_class_path (initial): C:\Users\Jun\IdeaProjects\Corruption\build\classes\java\client;C:\Users\Jun\IdeaProjects\Corruption\build\resources\client;C:\Users\Jun\.gradle\caches\fabric-loom\1.21.1\net.fabricmc.yarn.1_21_1.1.21.1+build.3-v2\mappings.jar;C:\Users\Jun\.gradle\caches\modules-2\files-2.1\org.ow2.asm\asm\9.9\c29635c8a7afa03d74b33c1884df8abb2b3f3dcc\asm-9.9.jar;C:\Users\Jun\.gradle\caches\modules-2\files-2.1\org.ow2.asm\asm-analysis\9.9\bf4fa6e66638851c1cd22c2caea0c3ee5d5f437\asm-analysis-9.9.jar;C:\Users\Jun\.gradle\caches\modules-2\files-2.1\org.ow2.asm\asm-commons\9.9\db9165a3bf908ded6b08612d583a15d1d0c7bda0\asm-commons-9.9.jar;C:\Users\Jun\.gradle\caches\modules-2\files-2.1\org.ow2.asm\asm-tree\9.9\f8de6eead6d24dd0f45bd065bbe112b2cda6ea21\asm-tree-9.9.jar;C:\Users\Jun\.gradle\caches\modules-2\files-2.1\org.ow2.asm\asm-util\9.9\42fdfc0508b43807c8078d6e82ecff2ce2112ae8\asm-util-9.9.jar;C:\Users\Jun\.gradle\caches\modules-2\files-2.1\net.fabricmc\sponge-mixin\0.17.0+mixin.0.8.7\cf31463202f72d03b0ef1e1e38e8ee71b7faaab6\sponge-mixin-0.17.0+mixin.0.8.7.jar;C:\Users\Jun\.gradle\caches\modules-2\files-2.1\io.github.llamalad7\mixinextras-fabric\0.5.0\91a83dfb7abd320f6236bd1fcf5c0ff143d59a13\mixinextras-fabric-0.5.0.jar;C:\Users\Jun\.gradle\caches\modules-2\files-2.1\net.fabricmc\dev-launch-injector\0.2.1+build.8\da8bef7e6e2f952da707f282bdb46882a0fce5e3\dev-launch-injector-0.2.1+build.8.jar;C:\Users\Jun\.gradle\caches\modules-2\files-2.1\net.fabricmc\fabric-log4j-util\1.0.2\ef0b3fb613356feb75a67d54f2fad6f03a006648\fabric-log4j-util-1.0.2.jar;C:\Users\Jun\.gradle\caches\modules-2\files-2.1\com.github.oshi\oshi-core\6.4.10\b1d8ab82d11d92fd639b56d639f8f46f739dd5fa\oshi-core-6.4.10.jar;C:\Users\Jun\.gradle\caches\modules-2\files-2.1\com.google.code.gson\gson\2.10.1\b3add478d4382b78ea20b1671390a858002feb6c\gson-2.10.1.jar;C:\Users\Jun\.gradle\caches\modules-2\files-2.1\com.google.guava\failureaccess\1.0.1\1dcf1de382a0bf95a3d8b0849546c88bac1292c9\failureaccess-1.0.1.jar;C:\Users\Jun\.gradle\caches\modules-2\files-2.1\com.google.guava\guava\32.1.2-jre\5e64ec7e056456bef3a4bc4c6fdaef71e8ab6318\guava-32.1.2-jre.jar;C:\Users\Jun\.gradle\caches\modules-2\files-2.1\com.ibm.icu\icu4j\73.2\61ad4ef7f9131fcf6d25c34b817f90d6da06c9e9\icu4j-73.2.jar;C:\Users\Jun\.gradle\caches\modules-2\files-2.1\com.mojang\authlib\6.0.54\de8bc95660e1b2fe8793fd427a7a10dcec5b3ea7\authlib-6.0.54.jar;C:\Users\Jun\.gradle\caches\modules-2\files-2.1\com.mojang\blocklist\1.0.10\5c685c5ffa94c4cd39496c7184c1d122e515ecef\blocklist-1.0.10.jar;C:\Users\Jun\.gradle\caches\modules-2\files-2.1\com.mojang\brigadier\1.3.10\d15b53a14cf20fdcaa98f731af5dda654452c010\brigadier-1.3.10.jar;C:\Users\Jun\.gradle\caches\modules-2\files-2.1\com.mojang\datafixerupper\8.0.16\67d4de6d7f95d89bcf5862995fb854ebaec02a34\datafixerupper-8.0.16.jar;C:\Users\Jun\.gradle\caches\modules-2\files-2.1\com.mojang\logging\1.2.7\24cb95ffb0e3433fd6e844c04e68009e504ca1c0\logging-1.2.7.jar;C:\Users\Jun\.gradle\caches\modules-2\files-2.1\com.mojang\patchy\2.2.10\da05971b07cbb379d002cf7eaec6a2048211fefc\patchy-2.2.10.jar;C:\Users\Jun\.gradle\caches\modules-2\files-2.1\com.mojang\text2speech\1.17.9\3cad216e3a7f0c19b4b394388bc9ffc446f13b14\text2speech-1.17.9.jar;C:\Users\Jun\.gradle\caches\modules-2\files-2.1\commons-codec\commons-codec\1.16.0\4e3eb3d79888d76b54e28b350915b5dc3919c9de\commons-codec-1.16.0.jar;C:\Users\Jun\.gradle\caches\modules-2\files-2.1\commons-io\commons-io\2.15.1\f11560da189ab563a5c8e351941415430e9304ea\commons-io-2.15.1.jar;C:\Users\Jun\.gradle\caches\modules-2\files-2.1\commons-logging\commons-logging\1.2\4bfc12adfe4842bf07b657f0369c4cb522955686\commons-logging-1.2.jar;C:\Users\Jun\.gradle\caches\modules-2\files-2.1\io.netty\netty-buffer\4.1.97.Final\f8f3d8644afa5e6e1a40a3a6aeb9d9aa970ecb4f\netty-buffer-4.1.97.Final.jar;C:\Users\Jun\.gradle\caches\modules-2\files-2.1\io.netty\netty-codec\4.1.97.Final\384ba4d75670befbedb45c4d3b497a93639c206d\netty-codec-4.1.97.Final.jar;C:\Users\Jun\.gradle\caches\modules-2\files-2.1\io.netty\netty-common\4.1.97.Final\7cceacaf11df8dc63f23d0fb58e9d4640fc88404\netty-common-4.1.97.Final.jar;C:\Users\Jun\.gradle\caches\modules-2\files-2.1\io.netty\netty-handler\4.1.97.Final\abb86c6906bf512bf2b797a41cd7d2e8d3cd7c36\netty-handler-4.1.97.Final.jar;C:\Users\Jun\.gradle\caches\modules-2\files-2.1\io.netty\netty-resolver\4.1.97.Final\cec8348108dc76c47cf87c669d514be52c922144\netty-resolver-4.1.97.Final.jar;C:\Users\Jun\.gradle\caches\modules-2\files-2.1\io.netty\netty-transport-classes-epoll\4.1.97.Final\795da37ded759e862457a82d9d92c4d39ce8ecee\netty-transport-classes-epoll-4.1.97.Final.jar;C:\Users\Jun\.gradle\caches\modules-2\files-2.1\io.netty\netty-transport-native-unix-common\4.1.97.Final\d469d84265ab70095b01b40886cabdd433b6e664\netty-transport-native-unix-common-4.1.97.Final.jar;C:\Users\Jun\.gradle\caches\modules-2\files-2.1\io.netty\netty-transport\4.1.97.Final\f37380d23c9bb079bc702910833b2fd532c9abd0\netty-transport-4.1.97.Final.jar;C:\Users\Jun\.gradle\caches\modules-2\files-2.1\it.unimi.dsi\fastutil\8.5.12\c24946d46824bd528054bface3231d2ecb7e95e8\fastutil-8.5.12.jar;C:\Users\Jun\.gradle\caches\modules-2\files-2.1\net.java.dev.jna\jna-platform\5.14.0\28934d48aed814f11e4c584da55c49fa7032b31b\jna-platform-5.14.0.jar;C:\Users\Jun\.gradle\caches\modules-2\files-2.1\net.java.dev.jna\jna\5.14.0\67bf3eaea4f0718cb376a181a629e5f88fa1c9dd\jna-5.14.0.jar;C:\Users\Jun\.gradle\caches\modules-2\files-2.1\net.sf.jopt-simple\jopt-simple\5.0.4\4fdac2fbe92dfad86aa6e9301736f6b4342a3f5c\jopt-simple-5.0.4.jar;C:\Users\Jun\.gradle\caches\modules-2\files-2.1\org.apache.commons\commons-compress\1.26.0\659feffdd12280201c8aacb8f7be94f9a883c824\commons-compress-1.26.0.jar;C:\Users\Jun\.gradle\caches\modules-2\files-2.1\org.apache.commons\commons-lang3\3.14.0\1ed471194b02f2c6cb734a0cd6f6f107c673afae\commons-lang3-3.14.0.jar;C:\Users\Jun\.gradle\caches\modules-2\files-2.1\org.apache.httpcomponents\httpclient\4.5.13\e5f6cae5ca7ecaac1ec2827a9e2d65ae2869cada\httpclient-4.5.13.jar;C:\Users\Jun\.gradle\caches\modules-2\files-2.1\org.apache.httpcomponents\httpcore\4.4.16\51cf043c87253c9f58b539c9f7e44c8894223850\httpcore-4.4.16.jar;C:\Users\Jun\.gradle\caches\modules-2\files-2.1\org.apache.logging.log4j\log4j-api\2.22.1\bea6fede6328fabafd7e68363161a7ea6605abd1\log4j-api-2.22.1.jar;C:\Users\Jun\.gradle\caches\modules-2\files-2.1\org.apache.logging.log4j\log4j-core\2.22.1\7183a25510a02ad00cc6a95d3b3d2a7d3c5a8dc4\log4j-core-2.22.1.jar;C:\Users\Jun\.gradle\caches\modules-2\files-2.1\org.apache.logging.log4j\log4j-slf4j2-impl\2.22.1\d7e6693c2606cb7e7335047d7bb96dec52db5665\log4j-slf4j2-impl-2.22.1.jar;C:\Users\Jun\.gradle\caches\modules-2\files-2.1\org.jcraft\jorbis\0.0.17\8872d22b293e8f5d7d56ff92be966e6dc28ebdc6\jorbis-0.0.17.jar;C:\Users\Jun\.gradle\caches\modules-2\files-2.1\org.joml\joml\1.10.5\22566d58af70ad3d72308bab63b8339906deb649\joml-1.10.5.jar;C:\Users\Jun\.gradle\caches\modules-2\files-2.1\org.lwjgl\lwjgl-freetype\3.3.3\a0db6c84a8becc8ca05f9dbfa985edc348a824c7\lwjgl-freetype-3.3.3.jar;C:\Users\Jun\.gradle\caches\modules-2\files-2.1\org.lwjgl\lwjgl-freetype\3.3.3\81091b006dbb43fab04c8c638e9ac87c51b4096d\lwjgl-freetype-3.3.3-natives-windows.jar;C:\Users\Jun\.gradle\caches\modules-2\files-2.1\org.lwjgl\lwjgl-freetype\3.3.3\82028265a0a2ff33523ca75137ada7dc176e5210\lwjgl-freetype-3.3.3-natives-windows-arm64.jar;C:\Users\Jun\.gradle\caches\modules-2\files-2.1\org.lwjgl\lwjgl-freetype\3.3.3\15a8c1de7f51d07a92eae7ce1222557073a0c0c3\lwjgl-freetype-3.3.3-natives-windows-x86.jar;C:\Users\Jun\.gradle\caches\modules-2\files-2.1\org.lwjgl\lwjgl-glfw\3.3.3\efa1eb78c5ccd840e9f329717109b5e892d72f8e\lwjgl-glfw-3.3.3.jar;C:\Users\Jun\.gradle\caches\modules-2\files-2.1\org.lwjgl\lwjgl-glfw\3.3.3\e449e28b4891fc423c54c85fbc5bb0b9efece67a\lwjgl-glfw-3.3.3-natives-windows.jar;C:\Users\Jun\.gradle\caches\modules-2\files-2.1\org.lwjgl\lwjgl-glfw\3.3.3\f27018dc74f6289574502b46cce55d52817554e2\lwjgl-glfw-3.3.3-natives-windows-arm64.jar;C:\Users\Jun\.gradle\caches\modules-2\files-2.1\org.lwjgl\lwjgl-glfw\3.3.3\32334f3fd5270a59bad9939a93115acb6de36dcf\lwjgl-glfw-3.3.3-natives-windows-x86.jar;C:\Users\Jun\.gradle\caches\modules-2\files-2.1\org.lwjgl\lwjgl-jemalloc\3.3.3\b543467b7ff3c6920539a88ee602d34098628be5\lwjgl-jemalloc-3.3.3.jar;C:\Users\Jun\.gradle\caches\modules-2\files-2.1\org.lwjgl\lwjgl-jemalloc\3.3.3\426222fc027602a5f21b9c0fe79cde6a4c7a011f\lwjgl-jemalloc-3.3.3-natives-windows.jar;C:\Users\Jun\.gradle\caches\modules-2\files-2.1\org.lwjgl\lwjgl-jemalloc\3.3.3\ba1f3fed0ee4be0217eaa41c5bbfb4b9b1383c33\lwjgl-jemalloc-3.3.3-natives-windows-arm64.jar;C:\Users\Jun\.gradle\caches\modules-2\files-2.1\org.lwjgl\lwjgl-jemalloc\3.3.3\f6063b6e0f23be483c5c88d84ce51b39dc69126c\lwjgl-jemalloc-3.3.3-natives-windows-x86.jar;C:\Users\Jun\.gradle\caches\modules-2\files-2.1\org.lwjgl\lwjgl-openal\3.3.3\daada81ceb5fc0c291fbfdd4433cb8d9423577f2\lwjgl-openal-3.3.3.jar;C:\Users\Jun\.gradle\caches\modules-2\files-2.1\org.lwjgl\lwjgl-openal\3.3.3\cf83862ae95d98496b26915024c7e666d8ab1c8f\lwjgl-openal-3.3.3-natives-windows.jar;C:\Users\Jun\.gradle\caches\modules-2\files-2.1\org.lwjgl\lwjgl-openal\3.3.3\8e0615235116b9e4160dfe87bec90f5f6378bf72\lwjgl-openal-3.3.3-natives-windows-arm64.jar;C:\Users\Jun\.gradle\caches\modules-2\files-2.1\org.lwjgl\lwjgl-openal\3.3.3\87b8d5050e3adb46bb58fe1cb2669a4a48fce10d\lwjgl-openal-3.3.3-natives-windows-x86.jar;C:\Users\Jun\.gradle\caches\modules-2\files-2.1\org.lwjgl\lwjgl-opengl\3.3.3\2f6b0147078396a58979125a4c947664e98293a\lwjgl-opengl-3.3.3.jar;C:\Users\Jun\.gradle\caches\modules-2\files-2.1\org.lwjgl\lwjgl-opengl\3.3.3\e6c1eec8be8a71951b830a4d69efc01c6531900c\lwjgl-opengl-3.3.3-natives-windows.jar;C:\Users\Jun\.gradle\caches\modules-2\files-2.1\org.lwjgl\lwjgl-opengl\3.3.3\65e956d3735a1abdc82eff4baec1b61174697d4b\lwjgl-opengl-3.3.3-natives-windows-arm64.jar;C:\Users\Jun\.gradle\caches\modules-2\files-2.1\org.lwjgl\lwjgl-opengl\3.3.3\d32d833dcaa2f355a886eaf21f0408b5f03241d\lwjgl-opengl-3.3.3-natives-windows-x86.jar;C:\Users\Jun\.gradle\caches\modules-2\files-2.1\org.lwjgl\lwjgl-stb\3.3.3\25dd6161988d7e65f71d5065c99902402ee32746\lwjgl-stb-3.3.3.jar;C:\Users\Jun\.gradle\caches\modules-2\files-2.1\org.lwjgl\lwjgl-stb\3.3.3\1d9facdf6541de114b0f963be33505b7679c78cb\lwjgl-stb-3.3.3-natives-windows.jar;C:\Users\Jun\.gradle\caches\modules-2\files-2.1\org.lwjgl\lwjgl-stb\3.3.3\a584ab44de569708871f0a79561f4d8c37487f2c\lwjgl-stb-3.3.3-natives-windows-arm64.jar;C:\Users\Jun\.gradle\caches\modules-2\files-2.1\org.lwjgl\lwjgl-stb\3.3.3\b5c874687b9aac1a936501d4ed2c49567fd1b575\lwjgl-stb-3.3.3-natives-windows-x86.jar;C:\Users\Jun\.gradle\caches\modules-2\files-2.1\org.lwjgl\lwjgl-tinyfd\3.3.3\82d755ca94b102e9ca77283b9e2dc46d1b15fbe5\lwjgl-tinyfd-3.3.3.jar;C:\Users\Jun\.gradle\caches\modules-2\files-2.1\org.lwjgl\lwjgl-tinyfd\3.3.3\a6697981b0449a5087c1d546fc08b4f73e8f98c9\lwjgl-tinyfd-3.3.3-natives-windows.jar;C:\Users\Jun\.gradle\caches\modules-2\files-2.1\org.lwjgl\lwjgl-tinyfd\3.3.3\a88c494f3006eb91a7433b12a3a55a9a6c20788b\lwjgl-tinyfd-3.3.3-natives-windows-arm64.jar;C:\Users\Jun\.gradle\caches\modules-2\files-2.1\org.lwjgl\lwjgl-tinyfd\3.3.3\c336c84ee88cccb495c6ffa112395509e7378e8a\lwjgl-tinyfd-3.3.3-natives-windows-x86.jar;C:\Users\Jun\.gradle\caches\modules-2\files-2.1\org.lwjgl\lwjgl\3.3.3\29589b5f87ed335a6c7e7ee6a5775f81f97ecb84\lwjgl-3.3.3.jar;C:\Users\Jun\.gradle\caches\modules-2\files-2.1\org.lwjgl\lwjgl\3.3.3\a5ed18a2b82fc91b81f40d717cb1f64c9dcb0540\lwjgl-3.3.3-natives-windows.jar;C:\Users\Jun\.gradle\caches\modules-2\files-2.1\org.lwjgl\lwjgl\3.3.3\e9aca8c5479b520a2a7f0d542a118140e812c5e8\lwjgl-3.3.3-natives-windows-arm64.jar;C:\Users\Jun\.gradle\caches\modules-2\files-2.1\org.lwjgl\lwjgl\3.3.3\9e670718e050aeaeea0c2d5b907cffb142f2e58f\lwjgl-3.3.3-natives-windows-x86.jar;C:\Users\Jun\.gradle\caches\modules-2\files-2.1\org.lz4\lz4-java\1.8.0\4b986a99445e49ea5fbf5d149c4b63f6ed6c6780\lz4-java-1.8.0.jar;C:\Users\Jun\.gradle\caches\modules-2\files-2.1\org.slf4j\slf4j-api\2.0.9\7cf2726fdcfbc8610f9a71fb3ed639871f315340\slf4j-api-2.0.9.jar;C:\Users\Jun\IdeaProjects\Corruption\.gradle\loom-cache\minecraftMaven\net\minecraft\minecraft-clientOnly-c3dfdda458\1.21.1-net.fabricmc.yarn.1_21_1.1.21.1+build.3-v2\minecraft-clientOnly-c3dfdda458-1.21.1-net.fabricmc.yarn.1_21_1.1.21.1+build.3-v2.jar;C:\Users\Jun\IdeaProjects\Corruption\.gradle\loom-cache\minecraftMaven\net\minecraft\minecraft-common-c3dfdda458\1.21.1-net.fabricmc.yarn.1_21_1.1.21.1+build.3-v2\minecraft-common-c3dfdda458-1.21.1-net.fabricmc.yarn.1_21_1.1.21.1+build.3-v2.jar;C:\Users\Jun\.gradle\caches\modules-2\files-2.1\io.netty\netty-transport-native-epoll\4.1.97.Final\54188f271e388e7f313aea995e82f58ce2cdb809\netty-transport-native-epoll-4.1.97.Final-linux-x86_64.jar;C:\Users\Jun\.gradle\caches\modules-2\files-2.1\io.netty\netty-transport-native-epoll\4.1.97.Final\5514744c588190ffda076b35a9b8c9f24946a960\netty-transport-native-epoll-4.1.97.Final-linux-aarch_64.jar;C:\Users\Jun\IdeaProjects\Corruption\.gradle\loom-cache\remapped_mods\remapped\net\fabricmc\fabric-api\fabric-transfer-api-v1-652de5e3-client\5.4.3+c24bd99419\fabric-transfer-api-v1-652de5e3-client-5.4.3+c24bd99419.jar;C:\Users\Jun\IdeaProjects\Corruption\.gradle\loom-cache\remapped_mods\remapped\net\fabricmc\fabric-api\fabric-blockrenderlayer-v1-652de5e3-client\1.1.52+0af3f5a719\fabric-blockrenderlayer-v1-652de5e3-client-1.1.52+0af3f5a719.jar;C:\Users\Jun\IdeaProjects\Corruption\.gradle\loom-cache\remapped_mods\remapped\net\fabricmc\fabric-api\fabric-client-tags-api-v1-652de5e3-client\1.1.15+6573ed8c19\fabric-client-tags-api-v1-652de5e3-client-1.1.15+6573ed8c19.jar;C:\Users\Jun\IdeaProjects\Corruption\.gradle\loom-cache\remapped_mods\remapped\net\fabricmc\fabric-api\fabric-command-api-v2-652de5e3-client\2.2.28+6ced4dd919\fabric-command-api-v2-652de5e3-client-2.2.28+6ced4dd919.jar;C:\Users\Jun\IdeaProjects\Corruption\.gradle\loom-cache\remapped_mods\remapped\net\fabricmc\fabric-api\fabric-data-generation-api-v1-652de5e3-client\20.2.35+37516cd619\fabric-data-generation-api-v1-652de5e3-client-20.2.35+37516cd619.jar;C:\Users\Jun\IdeaProjects\Corruption\.gradle\loom-cache\remapped_mods\remapped\net\fabricmc\fabric-api\fabric-data-attachment-api-v1-652de5e3-client\1.4.6+5b36e0f719\fabric-data-attachment-api-v1-652de5e3-client-1.4.6+5b36e0f719.jar;C:\Users\Jun\IdeaProjects\Corruption\.gradle\loom-cache\remapped_mods\remapped\net\fabricmc\fabric-api\fabric-entity-events-v1-652de5e3-client\1.8.0+2b27e0a419\fabric-entity-events-v1-652de5e3-client-1.8.0+2b27e0a419.jar;C:\Users\Jun\IdeaProjects\Corruption\.gradle\loom-cache\remapped_mods\remapped\net\fabricmc\fabric-api\fabric-events-interaction-v0-652de5e3-client\0.7.13+ba9dae0619\fabric-events-interaction-v0-652de5e3-client-0.7.13+ba9dae0619.jar;C:\Users\Jun\IdeaProjects\Corruption\.gradle\loom-cache\remapped_mods\remapped\net\fabricmc\fabric-api\fabric-item-api-v1-652de5e3-client\11.2.0+3b3cb2e819\fabric-item-api-v1-652de5e3-client-11.2.0+3b3cb2e819.jar;C:\Users\Jun\IdeaProjects\Corruption\.gradle\loom-cache\remapped_mods\remapped\net\fabricmc\fabric-api\fabric-item-group-api-v1-652de5e3-client\4.1.7+def88e3a19\fabric-item-group-api-v1-652de5e3-client-4.1.7+def88e3a19.jar;C:\Users\Jun\IdeaProjects\Corruption\.gradle\loom-cache\remapped_mods\remapped\net\fabricmc\fabric-api\fabric-lifecycle-events-v1-652de5e3-client\2.6.0+0865547519\fabric-lifecycle-events-v1-652de5e3-client-2.6.0+0865547519.jar;C:\Users\Jun\IdeaProjects\Corruption\.gradle\loom-cache\remapped_mods\remapped\net\fabricmc\fabric-api\fabric-message-api-v1-652de5e3-client\6.0.14+8aaf3aca19\fabric-message-api-v1-652de5e3-client-6.0.14+8aaf3aca19.jar;C:\Users\Jun\IdeaProjects\Corruption\.gradle\loom-cache\remapped_mods\remapped\net\fabricmc\fabric-api\fabric-model-loading-api-v1-652de5e3-client\2.1.0+b4d813fc19\fabric-model-loading-api-v1-652de5e3-client-2.1.0+b4d813fc19.jar;C:\Users\Jun\IdeaProjects\Corruption\.gradle\loom-cache\remapped_mods\remapped\net\fabricmc\fabric-api\fabric-recipe-api-v1-652de5e3-client\5.0.15+2475392c19\fabric-recipe-api-v1-652de5e3-client-5.0.15+2475392c19.jar;C:\Users\Jun\IdeaProjects\Corruption\.gradle\loom-cache\remapped_mods\remapped\net\fabricmc\fabric-api\fabric-screen-handler-api-v1-652de5e3-client\1.3.90+b559734419\fabric-screen-handler-api-v1-652de5e3-client-1.3.90+b559734419.jar;C:\Users\Jun\IdeaProjects\Corruption\.gradle\loom-cache\remapped_mods\remapped\net\fabricmc\fabric-api\fabric-registry-sync-v0-652de5e3-client\5.3.1+e3eddc2119\fabric-registry-sync-v0-652de5e3-client-5.3.1+e3eddc2119.jar;C:\Users\Jun\IdeaProjects\Corruption\.gradle\loom-cache\remapped_mods\remapped\net\fabricmc\fabric-api\fabric-networking-api-v1-652de5e3-client\4.3.0+c7469b2119\fabric-networking-api-v1-652de5e3-client-4.3.0+c7469b2119.jar;C:\Users\Jun\IdeaProjects\Corruption\.gradle\loom-cache\remapped_mods\remapped\net\fabricmc\fabric-api\fabric-object-builder-api-v1-652de5e3-client\15.2.1+40875a9319\fabric-object-builder-api-v1-652de5e3-client-15.2.1+40875a9319.jar;C:\Users\Jun\IdeaProjects\Corruption\.gradle\loom-cache\remapped_mods\remapped\net\fabricmc\fabric-api\fabric-particles-v1-652de5e3-client\4.0.2+6573ed8c19\fabric-particles-v1-652de5e3-client-4.0.2+6573ed8c19.jar;C:\Users\Jun\IdeaProjects\Corruption\.gradle\loom-cache\remapped_mods\remapped\net\fabricmc\fabric-api\fabric-renderer-indigo-652de5e3-client\1.7.1+c705a49c19\fabric-renderer-indigo-652de5e3-client-1.7.1+c705a49c19.jar;C:\Users\Jun\IdeaProjects\Corruption\.gradle\loom-cache\remapped_mods\remapped\net\fabricmc\fabric-api\fabric-renderer-api-v1-652de5e3-client\3.4.1+b4d813fc19\fabric-renderer-api-v1-652de5e3-client-3.4.1+b4d813fc19.jar;C:\Users\Jun\IdeaProjects\Corruption\.gradle\loom-cache\remapped_mods\remapped\net\fabricmc\fabric-api\fabric-rendering-fluids-v1-652de5e3-client\3.1.6+1daea21519\fabric-rendering-fluids-v1-652de5e3-client-3.1.6+1daea21519.jar;C:\Users\Jun\IdeaProjects\Corruption\.gradle\loom-cache\remapped_mods\remapped\net\fabricmc\fabric-api\fabric-renderer-registries-v1-652de5e3-client\3.2.69+df3654b319\fabric-renderer-registries-v1-652de5e3-client-3.2.69+df3654b319.jar;C:\Users\Jun\IdeaProjects\Corruption\.gradle\loom-cache\remapped_mods\remapped\net\fabricmc\fabric-api\fabric-rendering-v0-652de5e3-client\1.1.72+df3654b319\fabric-rendering-v0-652de5e3-client-1.1.72+df3654b319.jar;C:\Users\Jun\IdeaProjects\Corruption\.gradle\loom-cache\remapped_mods\remapped\net\fabricmc\fabric-api\fabric-rendering-v1-652de5e3-client\5.1.0+ab4c25a019\fabric-rendering-v1-652de5e3-client-5.1.0+ab4c25a019.jar;C:\Users\Jun\IdeaProjects\Corruption\.gradle\loom-cache\remapped_mods\remapped\net\fabricmc\fabric-api\fabric-screen-api-v1-652de5e3-client\2.0.25+8b68f1c719\fabric-screen-api-v1-652de5e3-client-2.0.25+8b68f1c719.jar;C:\Users\Jun\IdeaProjects\Corruption\.gradle\loom-cache\remapped_mods\remapped\net\fabricmc\fabric-api\fabric-rendering-data-attachment-v1-652de5e3-client\0.3.49+73761d2e19\fabric-rendering-data-attachment-v1-652de5e3-client-0.3.49+73761d2e19.jar;C:\Users\Jun\IdeaProjects\Corruption\.gradle\loom-cache\remapped_mods\remapped\net\fabricmc\fabric-api\fabric-block-view-api-v2-652de5e3-client\1.0.11+ebb2264e19\fabric-block-view-api-v2-652de5e3-client-1.0.11+ebb2264e19.jar;C:\Users\Jun\IdeaProjects\Corruption\.gradle\loom-cache\remapped_mods\remapped\net\fabricmc\fabric-api\fabric-game-rule-api-v1-652de5e3-client\1.0.53+6ced4dd919\fabric-game-rule-api-v1-652de5e3-client-1.0.53+6ced4dd919.jar;C:\Users\Jun\IdeaProjects\Corruption\.gradle\loom-cache\remapped_mods\remapped\net\fabricmc\fabric-api\fabric-keybindings-v0-652de5e3-client\0.2.45+df3654b319\fabric-keybindings-v0-652de5e3-client-0.2.45+df3654b319.jar;C:\Users\Jun\IdeaProjects\Corruption\.gradle\loom-cache\remapped_mods\remapped\net\fabricmc\fabric-api\fabric-key-binding-api-v1-652de5e3-client\1.0.47+0af3f5a719\fabric-key-binding-api-v1-652de5e3-client-1.0.47+0af3f5a719.jar;C:\Users\Jun\IdeaProjects\Corruption\.gradle\loom-cache\remapped_mods\remapped\net\fabricmc\fabric-api\fabric-resource-loader-v0-652de5e3-client\1.3.1+5b5275af19\fabric-resource-loader-v0-652de5e3-client-1.3.1+5b5275af19.jar;C:\Users\Jun\IdeaProjects\Corruption\.gradle\loom-cache\remapped_mods\remapped\net\fabricmc\fabric-api\fabric-sound-api-v1-652de5e3-client\1.0.23+6573ed8c19\fabric-sound-api-v1-652de5e3-client-1.0.23+6573ed8c19.jar;C:\Users\Jun\.gradle\caches\modules-2\files-2.1\net.fabricmc\fabric-loader\0.18.4\dc4682125d5db647d6ce80a98b98945835adcd4b\fabric-loader-0.18.4.jar;C:\Users\Jun\IdeaProjects\Corruption\.gradle\loom-cache\remapped_mods\remapped\software\bernie\geckolib\geckolib-fabric-1.21.1-652de5e3\4.8.3\geckolib-fabric-1.21.1-652de5e3-4.8.3.jar;C:\Users\Jun\IdeaProjects\Corruption\.gradle\loom-cache\remapped_mods\remapped\net\fabricmc\fabric-api\fabric-api-652de5e3-common\0.116.8+1.21.1\fabric-api-652de5e3-common-0.116.8+1.21.1.jar;C:\Users\Jun\IdeaProjects\Corruption\.gradle\loom-cache\remapped_mods\remapped\net\fabricmc\fabric-api\fabric-transfer-api-v1-652de5e3-common\5.4.3+c24bd99419\fabric-transfer-api-v1-652de5e3-common-5.4.3+c24bd99419.jar;C:\Users\Jun\IdeaProjects\Corruption\.gradle\loom-cache\remapped_mods\remapped\net\fabricmc\fabric-api\fabric-api-lookup-api-v1-652de5e3-common\1.6.71+b559734419\fabric-api-lookup-api-v1-652de5e3-common-1.6.71+b559734419.jar;C:\Users\Jun\IdeaProjects\Corruption\.gradle\loom-cache\remapped_mods\remapped\net\fabricmc\fabric-api\fabric-command-api-v1-652de5e3-common\1.2.49+f71b366f19\fabric-command-api-v1-652de5e3-common-1.2.49+f71b366f19.jar;C:\Users\Jun\IdeaProjects\Corruption\.gradle\loom-cache\remapped_mods\remapped\net\fabricmc\fabric-api\fabric-commands-v0-652de5e3-common\0.2.66+df3654b319\fabric-commands-v0-652de5e3-common-0.2.66+df3654b319.jar;C:\Users\Jun\IdeaProjects\Corruption\.gradle\loom-cache\remapped_mods\remapped\net\fabricmc\fabric-api\fabric-command-api-v2-652de5e3-common\2.2.28+6ced4dd919\fabric-command-api-v2-652de5e3-common-2.2.28+6ced4dd919.jar;C:\Users\Jun\IdeaProjects\Corruption\.gradle\loom-cache\remapped_mods\remapped\net\fabricmc\fabric-api\fabric-content-registries-v0-652de5e3-common\8.0.19+b559734419\fabric-content-registries-v0-652de5e3-common-8.0.19+b559734419.jar;C:\Users\Jun\IdeaProjects\Corruption\.gradle\loom-cache\remapped_mods\remapped\net\fabricmc\fabric-api\fabric-data-generation-api-v1-652de5e3-common\20.2.35+37516cd619\fabric-data-generation-api-v1-652de5e3-common-20.2.35+37516cd619.jar;C:\Users\Jun\IdeaProjects\Corruption\.gradle\loom-cache\remapped_mods\remapped\net\fabricmc\fabric-api\fabric-convention-tags-v1-652de5e3-common\2.1.6+7f945d5b19\fabric-convention-tags-v1-652de5e3-common-2.1.6+7f945d5b19.jar;C:\Users\Jun\IdeaProjects\Corruption\.gradle\loom-cache\remapped_mods\remapped\net\fabricmc\fabric-api\fabric-convention-tags-v2-652de5e3-common\2.11.2+fa89716719\fabric-convention-tags-v2-652de5e3-common-2.11.2+fa89716719.jar;C:\Users\Jun\IdeaProjects\Corruption\.gradle\loom-cache\remapped_mods\remapped\net\fabricmc\fabric-api\fabric-data-attachment-api-v1-652de5e3-common\1.4.6+5b36e0f719\fabric-data-attachment-api-v1-652de5e3-common-1.4.6+5b36e0f719.jar;C:\Users\Jun\IdeaProjects\Corruption\.gradle\loom-cache\remapped_mods\remapped\net\fabricmc\fabric-api\fabric-entity-events-v1-652de5e3-common\1.8.0+2b27e0a419\fabric-entity-events-v1-652de5e3-common-1.8.0+2b27e0a419.jar;C:\Users\Jun\IdeaProjects\Corruption\.gradle\loom-cache\remapped_mods\remapped\net\fabricmc\fabric-api\fabric-events-interaction-v0-652de5e3-common\0.7.13+ba9dae0619\fabric-events-interaction-v0-652de5e3-common-0.7.13+ba9dae0619.jar;C:\Users\Jun\IdeaProjects\Corruption\.gradle\loom-cache\remapped_mods\remapped\net\fabricmc\fabric-api\fabric-gametest-api-v1-652de5e3-common\2.0.5+6fc22b9919\fabric-gametest-api-v1-652de5e3-common-2.0.5+6fc22b9919.jar;C:\Users\Jun\IdeaProjects\Corruption\.gradle\loom-cache\remapped_mods\remapped\net\fabricmc\fabric-api\fabric-item-api-v1-652de5e3-common\11.2.0+3b3cb2e819\fabric-item-api-v1-652de5e3-common-11.2.0+3b3cb2e819.jar;C:\Users\Jun\IdeaProjects\Corruption\.gradle\loom-cache\remapped_mods\remapped\net\fabricmc\fabric-api\fabric-item-group-api-v1-652de5e3-common\4.1.7+def88e3a19\fabric-item-group-api-v1-652de5e3-common-4.1.7+def88e3a19.jar;C:\Users\Jun\IdeaProjects\Corruption\.gradle\loom-cache\remapped_mods\remapped\net\fabricmc\fabric-api\fabric-lifecycle-events-v1-652de5e3-common\2.6.0+0865547519\fabric-lifecycle-events-v1-652de5e3-common-2.6.0+0865547519.jar;C:\Users\Jun\IdeaProjects\Corruption\.gradle\loom-cache\remapped_mods\remapped\net\fabricmc\fabric-api\fabric-loot-api-v2-652de5e3-common\3.0.15+3f89f5a519\fabric-loot-api-v2-652de5e3-common-3.0.15+3f89f5a519.jar;C:\Users\Jun\IdeaProjects\Corruption\.gradle\loom-cache\remapped_mods\remapped\net\fabricmc\fabric-api\fabric-loot-api-v3-652de5e3-common\1.0.3+3f89f5a519\fabric-loot-api-v3-652de5e3-common-1.0.3+3f89f5a519.jar;C:\Users\Jun\IdeaProjects\Corruption\.gradle\loom-cache\remapped_mods\remapped\net\fabricmc\fabric-api\fabric-message-api-v1-652de5e3-common\6.0.14+8aaf3aca19\fabric-message-api-v1-652de5e3-common-6.0.14+8aaf3aca19.jar;C:\Users\Jun\IdeaProjects\Corruption\.gradle\loom-cache\remapped_mods\remapped\net\fabricmc\fabric-api\fabric-recipe-api-v1-652de5e3-common\5.0.15+2475392c19\fabric-recipe-api-v1-652de5e3-common-5.0.15+2475392c19.jar;C:\Users\Jun\IdeaProjects\Corruption\.gradle\loom-cache\remapped_mods\remapped\net\fabricmc\fabric-api\fabric-screen-handler-api-v1-652de5e3-common\1.3.90+b559734419\fabric-screen-handler-api-v1-652de5e3-common-1.3.90+b559734419.jar;C:\Users\Jun\IdeaProjects\Corruption\.gradle\loom-cache\remapped_mods\remapped\net\fabricmc\fabric-api\fabric-registry-sync-v0-652de5e3-common\5.3.1+e3eddc2119\fabric-registry-sync-v0-652de5e3-common-5.3.1+e3eddc2119.jar;C:\Users\Jun\IdeaProjects\Corruption\.gradle\loom-cache\remapped_mods\remapped\net\fabricmc\fabric-api\fabric-networking-api-v1-652de5e3-common\4.3.0+c7469b2119\fabric-networking-api-v1-652de5e3-common-4.3.0+c7469b2119.jar;C:\Users\Jun\IdeaProjects\Corruption\.gradle\loom-cache\remapped_mods\remapped\net\fabricmc\fabric-api\fabric-object-builder-api-v1-652de5e3-common\15.2.1+40875a9319\fabric-object-builder-api-v1-652de5e3-common-15.2.1+40875a9319.jar;C:\Users\Jun\IdeaProjects\Corruption\.gradle\loom-cache\remapped_mods\remapped\net\fabricmc\fabric-api\fabric-particles-v1-652de5e3-common\4.0.2+6573ed8c19\fabric-particles-v1-652de5e3-common-4.0.2+6573ed8c19.jar;C:\Users\Jun\IdeaProjects\Corruption\.gradle\loom-cache\remapped_mods\remapped\net\fabricmc\fabric-api\fabric-rendering-fluids-v1-652de5e3-common\3.1.6+1daea21519\fabric-rendering-fluids-v1-652de5e3-common-3.1.6+1daea21519.jar;C:\Users\Jun\IdeaProjects\Corruption\.gradle\loom-cache\remapped_mods\remapped\net\fabricmc\fabric-api\fabric-api-base-652de5e3-common\0.4.42+6573ed8c19\fabric-api-base-652de5e3-common-0.4.42+6573ed8c19.jar;C:\Users\Jun\IdeaProjects\Corruption\.gradle\loom-cache\remapped_mods\remapped\net\fabricmc\fabric-api\fabric-biome-api-v1-652de5e3-common\13.0.31+d527f9fd19\fabric-biome-api-v1-652de5e3-common-13.0.31+d527f9fd19.jar;C:\Users\Jun\IdeaProjects\Corruption\.gradle\loom-cache\remapped_mods\remapped\net\fabricmc\fabric-api\fabric-block-api-v1-652de5e3-common\1.1.0+0bc3503219\fabric-block-api-v1-652de5e3-common-1.1.0+0bc3503219.jar;C:\Users\Jun\IdeaProjects\Corruption\.gradle\loom-cache\remapped_mods\remapped\net\fabricmc\fabric-api\fabric-rendering-data-attachment-v1-652de5e3-common\0.3.49+73761d2e19\fabric-rendering-data-attachment-v1-652de5e3-common-0.3.49+73761d2e19.jar;C:\Users\Jun\IdeaProjects\Corruption\.gradle\loom-cache\remapped_mods\remapped\net\fabricmc\fabric-api\fabric-block-view-api-v2-652de5e3-common\1.0.11+ebb2264e19\fabric-block-view-api-v2-652de5e3-common-1.0.11+ebb2264e19.jar;C:\Users\Jun\IdeaProjects\Corruption\.gradle\loom-cache\remapped_mods\remapped\net\fabricmc\fabric-api\fabric-crash-report-info-v1-652de5e3-common\0.2.29+0af3f5a719\fabric-crash-report-info-v1-652de5e3-common-0.2.29+0af3f5a719.jar;C:\Users\Jun\IdeaProjects\Corruption\.gradle\loom-cache\remapped_mods\remapped\net\fabricmc\fabric-api\fabric-dimensions-v1-652de5e3-common\4.0.1+65213ef819\fabric-dimensions-v1-652de5e3-common-4.0.1+65213ef819.jar;C:\Users\Jun\IdeaProjects\Corruption\.gradle\loom-cache\remapped_mods\remapped\net\fabricmc\fabric-api\fabric-game-rule-api-v1-652de5e3-common\1.0.53+6ced4dd919\fabric-game-rule-api-v1-652de5e3-common-1.0.53+6ced4dd919.jar;C:\Users\Jun\IdeaProjects\Corruption\.gradle\loom-cache\remapped_mods\remapped\net\fabricmc\fabric-api\fabric-resource-conditions-api-v1-652de5e3-common\4.3.0+8dc279b119\fabric-resource-conditions-api-v1-652de5e3-common-4.3.0+8dc279b119.jar;C:\Users\Jun\IdeaProjects\Corruption\.gradle\loom-cache\remapped_mods\remapped\net\fabricmc\fabric-api\fabric-resource-loader-v0-652de5e3-common\1.3.1+5b5275af19\fabric-resource-loader-v0-652de5e3-common-1.3.1+5b5275af19.jar;C:\Users\Jun\IdeaProjects\Corruption\.gradle\loom-cache\remapped_mods\remapped\net\fabricmc\fabric-api\fabric-transitive-access-wideners-v1-652de5e3-common\6.2.0+45b9699719\fabric-transitive-access-wideners-v1-652de5e3-common-6.2.0+45b9699719.jar;C:\Users\Jun\IdeaProjects\Corruption\build\classes\java\main;C:\Users\Jun\IdeaProjects\Corruption\build\resources\main
Launcher Type: SUN_STANDARD

[Global flags]
     intx CICompilerCount                          = 4                                         {product} {ergonomic}
     uint ConcGCThreads                            = 3                                         {product} {ergonomic}
     uint G1ConcRefinementThreads                  = 10                                        {product} {ergonomic}
   size_t G1HeapRegionSize                         = 4194304                                   {product} {ergonomic}
    uintx GCDrainStackTargetSize                   = 64                                        {product} {ergonomic}
   size_t InitialHeapSize                          = 524288000                                 {product} {ergonomic}
   size_t MarkStackSize                            = 4194304                                   {product} {ergonomic}
   size_t MaxHeapSize                              = 8350859264                                {product} {ergonomic}
   size_t MaxNewSize                               = 5007998976                                {product} {ergonomic}
   size_t MinHeapDeltaBytes                        = 4194304                                   {product} {ergonomic}
   size_t MinHeapSize                              = 8388608                                   {product} {ergonomic}
    uintx NonNMethodCodeHeapSize                   = 5839372                                {pd product} {ergonomic}
    uintx NonProfiledCodeHeapSize                  = 122909434                              {pd product} {ergonomic}
    uintx ProfiledCodeHeapSize                     = 122909434                              {pd product} {ergonomic}
    uintx ReservedCodeCacheSize                    = 251658240                              {pd product} {ergonomic}
     bool SegmentedCodeCache                       = true                                      {product} {ergonomic}
   size_t SoftMaxHeapSize                          = 8350859264                             {manageable} {ergonomic}
     bool UseCompressedOops                        = true                           {product lp64_product} {ergonomic}
     bool UseG1GC                                  = true                                      {product} {ergonomic}
     bool UseLargePagesIndividualAllocation        = false                                  {pd product} {ergonomic}

Logging:
Log output configuration:
 #0: stdout all=warning uptime,level,tags foldmultilines=false
 #1: stderr all=off uptime,level,tags foldmultilines=false

Release file:
IMPLEMENTOR="Microsoft" 
IMPLEMENTOR_VERSION="Microsoft-12574459" 
JAVA_RUNTIME_VERSION="21.0.9+10-LTS" 
JAVA_VERSION="21.0.9" 
JAVA_VERSION_DATE="2025-10-21" 
LIBC="default" 
MODULES="java.base java.compiler java.datatransfer java.xml java.prefs java.desktop java.instrument java.logging java.management java.security.sasl java.naming java.rmi java.management.rmi java.net.http java.scripting java.security.jgss java.transaction.xa java.sql java.sql.rowset java.xml.crypto java.se java.smartcardio jdk.accessibility jdk.internal.jvmstat jdk.attach jdk.charsets jdk.internal.opt jdk.zipfs jdk.compiler jdk.crypto.ec jdk.crypto.cryptoki jdk.crypto.mscapi jdk.dynalink jdk.internal.ed jdk.editpad jdk.hotspot.agent jdk.httpserver jdk.incubator.vector jdk.internal.le jdk.internal.vm.ci jdk.internal.vm.compiler jdk.internal.vm.compiler.management jdk.jartool jdk.javadoc jdk.jcmd jdk.management jdk.management.agent jdk.jconsole jdk.jdeps jdk.jdwp.agent jdk.jdi jdk.jfr jdk.jlink jdk.jpackage jdk.jshell jdk.jsobject jdk.jstatd jdk.localedata jdk.management.jfr jdk.naming.dns jdk.naming.rmi jdk.net jdk.nio.mapmode jdk.random jdk.sctp jdk.security.auth jdk.security.jgss jdk.unsupported jdk.unsupported.desktop jdk.xml.dom" 
OS_ARCH="x86_64" 
OS_NAME="Windows" 
SOURCE=".:git:e0bc49609000" 

Environment Variables:
PATH=C:\Program Files\Common Files\Oracle\Java\javapath;C:\Program Files (x86)\Common Files\Oracle\Java\javapath;C:\Python313\Scripts\;C:\Python313\;C:\Windows\system32;C:\Windows;C:\Windows\System32\Wbem;C:\Windows\System32\WindowsPowerShell\v1.0\;C:\Windows\System32\OpenSSH\;C:\Program Files\dotnet\;C:\Program Files\nodejs\;C:\ProgramData\chocolatey\bin;C:\Program Files (x86)\Windows Kits\10\Windows Performance Toolkit\;C:\Program Files\Git\cmd;C:\Program Files\CMake\bin;C:\Users\Jun\AppData\Local\Microsoft\WindowsApps;C:\Users\Jun\AppData\Local\Muse Hub\lib;C:\Users\Jun\AppData\Local\Programs\Microsoft VS Code\bin;C:\Users\Jun\AppData\Roaming\npm;C:\Users\Jun\AppData\Local\Microsoft\WinGet\Links;
USERNAME=Jun
OS=Windows_NT
PROCESSOR_IDENTIFIER=AMD64 Family 25 Model 97 Stepping 2, AuthenticAMD
TMP=C:\Users\Jun\AppData\Local\Temp
TEMP=C:\Users\Jun\AppData\Local\Temp




Periodic native trim disabled

---------------  S Y S T E M  ---------------

OS:
 Windows 10 , 64 bit Build 19041 (10.0.19041.5915)
OS uptime: 0 days 5:55 hours
Hyper-V role detected

CPU: total 12 (initial active 12) (12 cores per cpu, 2 threads per core) family 25 model 97 stepping 2 microcode 0x0, cx8, cmov, fxsr, ht, mmx, 3dnowpref, sse, sse2, sse3, ssse3, sse4a, sse4.1, sse4.2, popcnt, lzcnt, tsc, tscinvbit, avx, avx2, aes, erms, clmul, bmi1, bmi2, adx, avx512f, avx512dq, avx512cd, avx512bw, avx512vl, sha, fma, vzeroupper, avx512_vpopcntdq, avx512_vpclmulqdq, avx512_vaes, avx512_vnni, clflush, clflushopt, avx512_vbmi2, avx512_vbmi, hv, rdtscp, rdpid, fsrm, gfni, avx512_bitalg, f16c, cet_ss, avx512_ifma
Processor Information for the first 12 processors :
  Max Mhz: 4701, Current Mhz: 4701, Mhz Limit: 4701

Memory: 4k page, system-wide physical 31849M (7219M free)
TotalPageFile size 31849M (AvailPageFile size 104M)
current process WorkingSet (physical memory assigned to process): 863M, peak: 869M
current process commit charge ("private bytes"): 1201M, peak: 1328M

vm_info: OpenJDK 64-Bit Server VM (21.0.9+10-LTS) for windows-amd64 JRE (21.0.9+10-LTS), built on 2025-10-13T22:04:36Z by "MicrosoftCorporation" with unknown MS VC++:1944

END.
